[psiphon] module:   /home/runner/work/Ghajarvpn-/Ghajarvpn-/.ghajarvpn-src
[psiphon] fork:     /home/runner/work/_temp/psiphon-tunnel-core
[psiphon] gomobile: v0.0.0-20260821190718-4776eadac327
[psiphon] api:      26
[psiphon] platform: android-36
[psiphon] targets:  android/arm,android/arm64,android/386,android/amd64
go: downloading golang.org/x/mobile v0.0.0-20260821190718-4776eadac327
go: downloading golang.org/x/mod v0.39.0
go: downloading golang.org/x/sync v0.22.0
go: downloading golang.org/x/tools v0.49.0
Cloning into '/home/runner/work/_temp/psiphon-tunnel-core/third_party/qpack-v4legacy'...
Note: switching to '3e7287cc7ce655141583b8511fbe09800d4ba896'.

You are in 'detached HEAD' state. You can look around, make experimental
changes and commit them, and you can discard any commits you make in this
state without impacting any branches by switching back to a branch.

If you want to create a new branch to retain commits you create, you may
do so (now or later) by using -c with the switch command. Example:

  git switch -c <new-branch-name>

Or undo this operation with:

  git switch -

Turn off this advice by setting config variable advice.detachedHead to false

Cloning into '/home/runner/work/_temp/psiphon-tunnel-core/third_party/quic-go-fork'...
go: downloading golang.org/x/mobile v0.0.0-20260611195102-4dd8f1dbf5d2
go: downloading golang.org/x/tools v0.46.0
go: downloading github.com/xtls/xray-core v1.260327.0
go: downloading golang.org/x/tools/go/packages/packagestest v0.1.1-deprecated
go: downloading golang.org/x/sync v0.21.0
go: downloading github.com/google/go-cmp v0.7.0
go: downloading google.golang.org/protobuf v1.36.11
go: downloading github.com/ghodss/yaml v1.0.1-0.20220118164431-d8423dcdf344
go: downloading github.com/pelletier/go-toml v1.9.5
go: downloading golang.org/x/sys v0.46.0
go: downloading github.com/tailscale/netlink v1.1.1-0.20211101221916-cabfb018fe85
go: downloading github.com/miekg/dns v1.1.72
go: downloading github.com/Psiphon-Labs/psiphon-tls v0.0.0-20260429174135-190516348878
go: downloading github.com/Psiphon-Labs/utls v1.1.1-0.20260423193914-69eb96d02588
go: downloading github.com/syndtr/gocapability v0.0.0-20170704070218-db04d3cc01c8
go: downloading github.com/wader/filtertransport v0.0.0-20200316221534-bdd9e61eee78
go: downloading golang.org/x/time v0.12.0
go: downloading github.com/Jigsaw-Code/outline-sdk v0.0.16
go: downloading github.com/Psiphon-Labs/bolt v0.0.0-20200624191537-23cedaef7ad7
go: downloading github.com/axiomhq/hyperloglog v0.2.6
go: downloading github.com/cespare/xxhash v1.1.0
go: downloading github.com/cognusion/go-cache-lru v0.0.0-20170419142635-f73e2280ecea
go: downloading github.com/dgraph-io/badger v1.5.4-0.20180815194500-3a87f6d9c273
go: downloading github.com/fxamacker/cbor/v2 v2.5.0
go: downloading github.com/grafov/m3u8 v0.0.0-20171211212457-6ab8f28ed427
go: downloading github.com/oschwald/maxminddb-golang v1.12.0
go: downloading github.com/wlynxg/anet v0.0.5
go: downloading golang.org/x/crypto v0.53.0
go: downloading golang.org/x/net v0.56.0
go: downloading github.com/elazarl/goproxy v0.0.0-20200809112317-0581fc3aee2d
go: downloading github.com/elazarl/goproxy/ext v0.0.0-20200809112317-0581fc3aee2d
go: downloading github.com/stretchr/testify v1.11.1
go: downloading golang.org/x/mod v0.37.0
go: downloading golang.org/x/tools/go/expect v0.1.1-deprecated
go: downloading github.com/golang/mock v1.7.0-rc.1
go: downloading github.com/sagernet/sing-shadowsocks v0.2.7
go: downloading github.com/sagernet/sing v0.5.1
go: downloading google.golang.org/grpc v1.79.3
go: downloading github.com/apernet/quic-go v0.59.1-0.20260217092621-db4786c77a22
go: downloading github.com/refraction-networking/utls v1.8.3-0.20260301010127-aa6edf4b11af
go: downloading go4.org/netipx v0.0.0-20231129151722-fdeea329fbba
go: downloading github.com/cloudflare/circl v1.6.3
go: downloading lukechampine.com/blake3 v1.4.1
go: downloading github.com/pires/go-proxyproto v0.11.0
go: downloading github.com/vishvananda/netlink v1.3.1
go: downloading golang.zx2c4.com/wireguard v0.0.0-20250521234502-f333402bd9cb
go: downloading gvisor.dev/gvisor v0.0.0-20260122175437-89a5d21be8f0
go: downloading github.com/xtls/reality v0.0.0-20260322125925-9234c772ba8f
go: downloading github.com/gorilla/websocket v1.5.3
go: downloading gopkg.in/yaml.v2 v2.4.0
go: downloading github.com/gobwas/glob v0.2.4-0.20180402141543-f00a7392b439
go: downloading github.com/ryanuber/go-glob v0.0.0-20170128012129-256dc444b735
go: downloading github.com/vishvananda/netns v0.0.5
go: downloading github.com/shadowsocks/go-shadowsocks2 v0.1.5
go: downloading filippo.io/edwards25519 v1.2.0
go: downloading github.com/Psiphon-Labs/consistent v0.0.0-20240322131436-20aaa4e05737
go: downloading github.com/Psiphon-Labs/covert-dtls v0.0.0-20260423180104-2d3b15cbc8be
go: downloading github.com/Psiphon-Labs/pion-ice/v4 v4.0.0-20260423180031-37d6e92d021f
go: downloading github.com/Psiphon-Labs/pion-webrtc/v4 v4.0.0-20260423180049-7ff453f9681a
go: downloading github.com/bits-and-blooms/bloom/v3 v3.6.0
go: downloading github.com/flynn/noise v1.0.1-0.20220214164934-d803f5c4b0f4
go: downloading github.com/marusama/semaphore v0.0.0-20171214154724-565ffd8e868a
go: downloading github.com/pion/datachannel v1.6.0
go: downloading github.com/pion/interceptor v0.1.44
go: downloading github.com/pion/logging v0.2.4
go: downloading github.com/pion/rtp v1.10.1
go: downloading github.com/pion/sdp/v3 v3.0.18
go: downloading github.com/pion/stun/v3 v3.1.1
go: downloading github.com/pion/transport/v4 v4.0.1
go: downloading github.com/pion/stun v0.6.1
go: downloading tailscale.com v1.58.2
go: downloading github.com/go-ole/go-ole v1.3.0
go: downloading golang.zx2c4.com/wireguard/windows v0.5.3
go: downloading github.com/armon/go-proxyproto v0.0.0-20180202201750-5b7edb60ff5f
go: downloading github.com/pion/sctp v1.9.2
go: downloading github.com/refraction-networking/conjure v0.7.11-0.20240130155008-c8df96195ab2
go: downloading github.com/refraction-networking/gotapdance v1.7.10
go: downloading github.com/deckarep/golang-set v0.0.0-20171013212420-1d4478f51bed
go: downloading github.com/dgryski/go-metro v0.0.0-20250106013310-edb8663e5e33
go: downloading github.com/kamstrup/intmap v0.5.2
go: downloading github.com/davecgh/go-spew v1.1.1
go: downloading github.com/andybalholm/brotli v1.0.6
go: downloading github.com/klauspost/compress v1.17.4
go: downloading github.com/x448/float16 v0.8.4
go: downloading github.com/dgryski/go-farm v0.0.0-20240924180020-3414d57e47da
go: downloading github.com/pkg/errors v0.9.1
go: downloading github.com/Jigsaw-Code/outline-ss-server v1.8.0
go: downloading github.com/Psiphon-Inc/rotate-safe-writer v0.0.0-20210303140923-464a7a37606e
go: downloading github.com/Psiphon-Inc/uds-ipc v1.0.1
go: downloading github.com/golang/groupcache v0.0.0-20210331224755-41bb18bfe9da
go: downloading github.com/minio/crc64nvme v1.1.1
go: downloading github.com/patrickmn/go-cache v2.1.0+incompatible
go: downloading github.com/shirou/gopsutil/v4 v4.24.5
go: downloading github.com/sirupsen/logrus v1.9.3
go: downloading github.com/zeebo/blake3 v0.2.4
go: downloading github.com/pmezard/go-difflib v1.0.0
go: downloading github.com/klauspost/cpuid/v2 v2.3.0
go: downloading golang.zx2c4.com/wintun v0.0.0-20230126152724-0fa3db229ce2
go: downloading google.golang.org/genproto/googleapis/rpc v0.0.0-20251202230838-ff82c1b0f217
go: downloading go.uber.org/mock v0.5.2
go: downloading github.com/google/btree v1.1.2
go: downloading github.com/quic-go/qpack v0.6.0
go: downloading gopkg.in/check.v1 v1.0.0-20201130134442-10cb98267c6c
go: downloading github.com/juju/ratelimit v1.0.2
go: downloading golang.org/x/term v0.44.0
go: downloading github.com/pion/dtls/v3 v3.1.2
go: downloading golang.org/x/exp v0.0.0-20240506185415-9bf2ced13842
go: downloading github.com/onsi/ginkgo/v2 v2.12.0
go: downloading github.com/google/uuid v1.6.0
go: downloading github.com/pion/mdns/v2 v2.1.0
go: downloading github.com/pion/randutil v0.1.0
go: downloading github.com/pion/turn/v4 v4.1.4
go: downloading github.com/bits-and-blooms/bitset v1.10.0
go: downloading github.com/pion/rtcp v1.2.16
go: downloading github.com/pion/srtp/v3 v3.0.10
go: downloading github.com/tailscale/goupnp v1.0.1-0.20210804011211-c64d0f06ea05
go: downloading go4.org/mem v0.0.0-20220726221520-4f986261bf13
go: downloading github.com/bifurcation/mint v0.0.0-20180306135233-198357931e61
go: downloading github.com/cheekybits/genny v0.0.0-20170328200008-9127e812e1e9
go: downloading github.com/refraction-networking/ed25519 v0.1.2
go: downloading golang.org/x/text v0.38.0
go: downloading github.com/libp2p/go-reuseport v0.4.0
go: downloading github.com/golang/protobuf v1.5.4
go: downloading github.com/AndreasBriese/bbloom v0.0.0-20190825152654-46b345b51c96
go: downloading github.com/sergeyfrolov/bsbuffer v0.0.0-20180903213811-94e85abb8507
go: downloading github.com/florianl/go-nfqueue v1.1.1-0.20200829120558-a2f196e98ab0
go: downloading github.com/google/gopacket v1.1.19
go: downloading gopkg.in/yaml.v3 v3.0.1
go: downloading go.opentelemetry.io/otel v1.39.0
go: downloading go.opentelemetry.io/otel/sdk/metric v1.39.0
go: downloading go.opentelemetry.io/otel/sdk v1.39.0
go: downloading github.com/kr/pretty v0.3.1
go: downloading github.com/lufia/plan9stats v0.0.0-20211012122336-39d0f177ccd0
go: downloading github.com/power-devops/perfstat v0.0.0-20210106213030-5aafc221ea8c
go: downloading github.com/shoenig/go-m1cpu v0.1.6
go: downloading github.com/tklauser/go-sysconf v0.3.12
go: downloading github.com/yusufpapurcu/wmi v1.2.4
go: downloading github.com/go-logr/logr v1.4.3
go: downloading github.com/jsimonetti/rtnetlink v1.3.5
go: downloading github.com/mdlayher/netlink v1.7.2
go: downloading github.com/coreos/go-iptables v0.7.0
go: downloading github.com/google/nftables v0.1.1-0.20230115205135-9aa6fdf5a28c
go: downloading github.com/josharian/native v1.1.1-0.20230202152459-5c7d0dd6ab86
go: downloading github.com/mroth/weightedrand v1.0.0
go: downloading github.com/pion/dtls/v2 v2.2.7
go: downloading github.com/pion/transport/v2 v2.2.3
go: downloading github.com/refraction-networking/obfs4 v0.1.2
go: downloading gitlab.torproject.org/tpo/anti-censorship/pluggable-transports/goptlib v1.5.0
go: downloading filippo.io/keygen v0.0.0-20230306160926-5201437acf8e
go: downloading go.opentelemetry.io/otel/metric v1.39.0
go: downloading go.opentelemetry.io/otel/trace v1.39.0
go: downloading github.com/kr/text v0.2.0
go: downloading github.com/rogpeppe/go-internal v1.13.1
go: downloading github.com/tklauser/numcpus v0.6.1
go: downloading github.com/alexbrainman/sspi v0.0.0-20231016080023-1a75b4708caa
go: downloading github.com/mdlayher/socket v0.5.0
go: downloading github.com/cilium/ebpf v0.12.3
go: downloading github.com/BurntSushi/toml v1.4.1-0.20240526193622-a339e1f7089c
go: downloading github.com/dchest/siphash v1.2.3
go: downloading github.com/cespare/xxhash/v2 v2.3.0
go: downloading gonum.org/v1/gonum v0.16.0
go: downloading github.com/go-logr/stdr v1.2.2
go: downloading go.opentelemetry.io/auto/sdk v1.2.1
go: downloading github.com/go-task/slim-sprig v0.0.0-20230315185526-52ccab3ef572
go: downloading github.com/dblohm7/wingoes v0.0.0-20230929194252-e994401fc077
go: downloading filippo.io/bigmod v0.0.1
go: downloading github.com/google/pprof v0.0.0-20211214055906-6f57359322fd
go: downloading github.com/andybalholm/brotli v1.1.1
go: downloading github.com/klauspost/compress v1.18.0
go: downloading github.com/OneOfOne/xxhash v1.2.2
go: downloading github.com/spaolacci/murmur3 v0.0.0-20180118202830-f09979ecbc72
go: downloading github.com/onsi/gomega v1.27.10
go: downloading github.com/twmb/murmur3 v1.1.6
go: downloading github.com/riobard/go-bloom v0.0.0-20200614022211-cdc8013cb5b3
go: downloading github.com/pion/transport/v3 v3.1.1
go: downloading github.com/frankban/quicktest v1.14.5
go: downloading github.com/xyproto/randomstring v1.0.5
go: downloading github.com/go-redis/redis/v8 v8.11.5
go: downloading github.com/pebbe/zmq4 v1.2.10
go: downloading github.com/oschwald/geoip2-golang v1.9.0
go: downloading github.com/hashicorp/golang-lru v1.0.2
go: downloading github.com/dgryski/go-rendezvous v0.0.0-20200823014737-9f7001d12a5f
write /tmp/gomobile-work-3220048798/src-android-arm/go.mod
write /tmp/gomobile-work-3220048798/src-android-386/go.mod
write /tmp/gomobile-work-3220048798/src-android-amd64/go.mod
write /tmp/gomobile-work-3220048798/src-android-arm64/go.mod
go: found net.gozar/gozarcore in net.gozar/gozarcore v0.0.0-00010101000000-000000000000
go: found net.gozar/gozarcore in net.gozar/gozarcore v0.0.0-00010101000000-000000000000
go: found net.gozar/gozarcore in net.gozar/gozarcore v0.0.0-00010101000000-000000000000
go: found net.gozar/gozarcore in net.gozar/gozarcore v0.0.0-00010101000000-000000000000
go: downloading github.com/syndtr/gocapability v0.0.0-20200815063812-42c35b437635
go: downloading github.com/syndtr/gocapability v0.0.0-20200815063812-42c35b437635
go: downloading github.com/elazarl/goproxy v0.0.0-20230808193330-2592e75ae04a
go: downloading github.com/elazarl/goproxy v0.0.0-20230808193330-2592e75ae04a
go: downloading github.com/davecgh/go-spew v1.1.2-0.20180830191138-d8f796af33cc
go: downloading github.com/elazarl/goproxy v0.0.0-20230808193330-2592e75ae04a
go: downloading github.com/pmezard/go-difflib v1.0.1-0.20181226105442-5d4384ee4fb2
go: downloading github.com/davecgh/go-spew v1.1.2-0.20180830191138-d8f796af33cc
go: downloading github.com/pmezard/go-difflib v1.0.1-0.20181226105442-5d4384ee4fb2
go: downloading github.com/armon/go-proxyproto v0.0.0-20210323213023-7e956b284f0a
go: downloading github.com/armon/go-proxyproto v0.0.0-20210323213023-7e956b284f0a
go: downloading github.com/armon/go-proxyproto v0.0.0-20210323213023-7e956b284f0a
go: downloading github.com/armon/go-proxyproto v0.0.0-20210323213023-7e956b284f0a
go: downloading github.com/onsi/ginkgo v1.16.5
go: downloading github.com/onsi/ginkgo v1.16.5
go: downloading github.com/onsi/ginkgo v1.16.5
go: downloading github.com/rogpeppe/go-internal v1.14.1
go: downloading github.com/onsi/ginkgo v1.16.5
go: downloading github.com/rogpeppe/go-internal v1.14.1
go: downloading github.com/rogpeppe/go-internal v1.14.1
go: downloading github.com/rogpeppe/go-internal v1.14.1
unused 4d63.com/gocheckcompilerdirectives
unused 4d63.com/gochecknoglobals
unused cel.dev/expr
unused cloud.google.com/go/compute/metadata
unused dario.cat/mergo
unused filippo.io/mkcert
unused github.com/Abirdcfly/dupword
unused github.com/AlekSi/pointer
unused github.com/Antonboom/errname
unused github.com/Antonboom/nilnil
unused github.com/BurntSushi/toml
unused github.com/Djarvur/go-err113
unused github.com/GaijinEntertainment/go-exhaustruct/v2
unused github.com/GoogleCloudPlatform/opentelemetry-operations-go/detectors/gcp
unused github.com/Jigsaw-Code/outline-ss-server
unused github.com/Masterminds/goutils
unused github.com/Masterminds/semver
unused github.com/Masterminds/semver/v3
unused github.com/Masterminds/sprig/v3
unused github.com/Microsoft/go-winio
unused github.com/Microsoft/hcsshim
unused github.com/OneOfOne/xxhash
unused github.com/OpenPeeDeeP/depguard
unused github.com/ProtonMail/go-crypto
unused github.com/Psiphon-Inc/rotate-safe-writer
unused github.com/Psiphon-Inc/uds-ipc
unused github.com/acomagu/bufpipe
unused github.com/akutz/memconn
unused github.com/alexkohler/prealloc
unused github.com/alingse/asasalint
unused github.com/anmitsu/go-shlex
unused github.com/ashanbrown/forbidigo
unused github.com/ashanbrown/makezero
unused github.com/aws/aws-sdk-go-v2
unused github.com/aws/aws-sdk-go-v2/aws/protocol/eventstream
unused github.com/aws/aws-sdk-go-v2/config
unused github.com/aws/aws-sdk-go-v2/credentials
unused github.com/aws/aws-sdk-go-v2/feature/ec2/imds
unused github.com/aws/aws-sdk-go-v2/feature/s3/manager
unused github.com/aws/aws-sdk-go-v2/internal/configsources
unused github.com/aws/aws-sdk-go-v2/internal/endpoints/v2
unused github.com/aws/aws-sdk-go-v2/internal/ini
unused github.com/aws/aws-sdk-go-v2/internal/v4a
unused github.com/aws/aws-sdk-go-v2/service/internal/accept-encoding
unused github.com/aws/aws-sdk-go-v2/service/internal/checksum
unused github.com/aws/aws-sdk-go-v2/service/internal/presigned-url
unused github.com/aws/aws-sdk-go-v2/service/internal/s3shared
unused github.com/aws/aws-sdk-go-v2/service/s3
unused github.com/aws/aws-sdk-go-v2/service/ssm
unused github.com/aws/aws-sdk-go-v2/service/sso
unused github.com/aws/aws-sdk-go-v2/service/ssooidc
unused github.com/aws/aws-sdk-go-v2/service/sts
unused github.com/aws/smithy-go
unused github.com/bazelbuild/rules_go
unused github.com/beorn7/perks
unused github.com/bkielbasa/cyclop
unused github.com/blakesmith/ar
unused github.com/blizzy78/varnamelen
unused github.com/bombsimon/wsl/v3
unused github.com/breml/bidichk
unused github.com/breml/errchkjson
unused github.com/butuzov/ireturn
unused github.com/bwesterb/go-ristretto
unused github.com/cavaliergopher/cpio
unused github.com/cenkalti/backoff
unused github.com/cespare/xxhash/v2
unused github.com/charithe/durationcheck
unused github.com/chavacava/garif
unused github.com/chzyer/logex
unused github.com/chzyer/readline
unused github.com/chzyer/test
unused github.com/cilium/ebpf
unused github.com/cncf/xds/go
unused github.com/containerd/cgroups
unused github.com/containerd/console
unused github.com/containerd/containerd
unused github.com/containerd/errdefs
unused github.com/containerd/fifo
unused github.com/containerd/go-runc
unused github.com/containerd/log
unused github.com/containerd/stargz-snapshotter/estargz
unused github.com/containerd/ttrpc
unused github.com/containerd/typeurl
unused github.com/coreos/go-systemd
unused github.com/coreos/go-systemd/v22
unused github.com/creack/pty
unused github.com/curioswitch/go-reassign
unused github.com/daixiang0/gci
unused github.com/dave/astrid
unused github.com/dave/brenda
unused github.com/dave/courtney
unused github.com/dave/jennifer
unused github.com/dave/patsy
unused github.com/deckarep/golang-set
unused github.com/denis-tingaikin/go-header
unused github.com/dgryski/go-rendezvous
unused github.com/digitalocean/go-smbios
unused github.com/docker/cli
unused github.com/docker/distribution
unused github.com/docker/docker
unused github.com/docker/docker-credential-helpers
unused github.com/docker/go-events
unused github.com/docker/go-units
unused github.com/dsnet/try
unused github.com/dvyukov/go-fuzz
unused github.com/elazarl/goproxy/ext
unused github.com/emicklei/go-restful/v3
unused github.com/emirpasic/gods
unused github.com/envoyproxy/go-control-plane
unused github.com/envoyproxy/go-control-plane/envoy
unused github.com/envoyproxy/go-control-plane/ratelimit
unused github.com/envoyproxy/protoc-gen-validate
unused github.com/esimonov/ifshort
unused github.com/ettle/strcase
unused github.com/evanphx/json-patch
unused github.com/evanphx/json-patch/v5
unused github.com/evanw/esbuild
unused github.com/eycorsican/go-tun2socks
unused github.com/fatih/color
unused github.com/fatih/structtag
unused github.com/felixge/fgprof
unused github.com/firefart/nonamedreturns
unused github.com/florianl/go-nfqueue
unused github.com/frankban/quicktest
unused github.com/fsnotify/fsnotify
unused github.com/fzipp/gocyclo
unused github.com/gaukas/godicttls
unused github.com/go-critic/go-critic
unused github.com/go-git/gcfg
unused github.com/go-git/go-billy/v5
unused github.com/go-git/go-git/v5
unused github.com/go-jose/go-jose/v4
unused github.com/go-json-experiment/json
unused github.com/go-logr/logr
unused github.com/go-logr/stdr
unused github.com/go-logr/zapr
unused github.com/go-openapi/jsonpointer
unused github.com/go-openapi/jsonreference
unused github.com/go-openapi/swag
unused github.com/go-redis/redis/v8
unused github.com/go-toolsmith/astcast
unused github.com/go-toolsmith/astcopy
unused github.com/go-toolsmith/astequal
unused github.com/go-toolsmith/astfmt
unused github.com/go-toolsmith/astp
unused github.com/go-toolsmith/strparse
unused github.com/go-toolsmith/typep
unused github.com/go-xmlfmt/xmlfmt
unused github.com/gobuffalo/flect
unused github.com/gobwas/glob
unused github.com/godbus/dbus/v5
unused github.com/gofrs/flock
unused github.com/gogo/protobuf
unused github.com/golang/glog
unused github.com/golang/mock
unused github.com/golangci/check
unused github.com/golangci/dupl
unused github.com/golangci/go-misc
unused github.com/golangci/gofmt
unused github.com/golangci/golangci-lint
unused github.com/golangci/lint-1
unused github.com/golangci/maligned
unused github.com/golangci/misspell
unused github.com/golangci/revgrep
unused github.com/golangci/unconvert
unused github.com/google/gnostic-models
unused github.com/google/go-containerregistry
unused github.com/google/gofuzz
unused github.com/google/gopacket
unused github.com/google/goterm
unused github.com/google/rpmpack
unused github.com/google/subcommands
unused github.com/googleapis/enterprise-certificate-proxy
unused github.com/googleapis/gnostic
unused github.com/gordonklaus/ineffassign
unused github.com/goreleaser/chglog
unused github.com/goreleaser/fileglob
unused github.com/goreleaser/nfpm/v2
unused github.com/gorilla/csrf
unused github.com/gorilla/mux
unused github.com/gorilla/securecookie
unused github.com/gostaticanalysis/analysisutil
unused github.com/gostaticanalysis/comment
unused github.com/gostaticanalysis/forcetypeassert
unused github.com/gostaticanalysis/nilerr
unused github.com/hashicorp/errwrap
unused github.com/hashicorp/go-multierror
unused github.com/hashicorp/go-version
unused github.com/hashicorp/golang-lru
unused github.com/hashicorp/hcl
unused github.com/hdevalence/ed25519consensus
unused github.com/hexops/gotextdiff
unused github.com/huandu/xstrings
unused github.com/iancoleman/strcase
unused github.com/ianlancetaylor/demangle
unused github.com/illarion/gonotify
unused github.com/imdario/mergo
unused github.com/inconshreveable/mousetrap
unused github.com/insomniacslk/dhcp
unused github.com/jbenet/go-context
unused github.com/jgautheron/goconst
unused github.com/jingyugao/rowserrcheck
unused github.com/jinzhu/copier
unused github.com/jirfag/go-printf-func-name
unused github.com/jmespath/go-jmespath
unused github.com/jordanlewis/gcassert
unused github.com/josharian/intern
unused github.com/json-iterator/go
unused github.com/julz/importas
unused github.com/junk1tm/musttag
unused github.com/kardianos/osext
unused github.com/kballard/go-shellquote
unused github.com/keltia/proxy
unused github.com/keltia/ripe-atlas
unused github.com/kevinburke/ssh_config
unused github.com/kisielk/errcheck
unused github.com/kisielk/gotool
unused github.com/kkHAIKE/contextcheck
unused github.com/klauspost/pgzip
unused github.com/kortschak/wol
unused github.com/kr/fs
unused github.com/kr/pretty
unused github.com/kr/pty
unused github.com/kr/text
unused github.com/kulti/thelper
unused github.com/kunwardeep/paralleltest
unused github.com/kyoh86/exportloopref
unused github.com/ldez/gomoddirectives
unused github.com/ldez/tagliatelle
unused github.com/leonklingele/grouper
unused github.com/lufeee/execinquery
unused github.com/lufia/plan9stats
unused github.com/lxn/walk
unused github.com/lxn/win
unused github.com/magiconair/properties
unused github.com/mailru/easyjson
unused github.com/maratori/testableexamples
unused github.com/maratori/testpackage
unused github.com/matoous/godox
unused github.com/mattbaird/jsonpatch
unused github.com/mattn/go-colorable
unused github.com/mattn/go-isatty
unused github.com/mattn/go-runewidth
unused github.com/matttproud/golang_protobuf_extensions
unused github.com/mbilski/exhaustivestruct
unused github.com/mdlayher/genetlink
unused github.com/mdlayher/sdnotify
unused github.com/mgechev/revive
unused github.com/minio/crc64nvme
unused github.com/mitchellh/copystructure
unused github.com/mitchellh/go-homedir
unused github.com/mitchellh/go-ps
unused github.com/mitchellh/mapstructure
unused github.com/mitchellh/panicwrap
unused github.com/mitchellh/reflectwalk
unused github.com/moby/sys/capability
unused github.com/moby/sys/mountinfo
unused github.com/modern-go/concurrent
unused github.com/modern-go/reflect2
unused github.com/mohae/deepcopy
unused github.com/moricho/tparallel
unused github.com/munnerz/goautoneg
unused github.com/nakabonne/nestif
unused github.com/nbutton23/zxcvbn-go
unused github.com/nfnt/resize
unused github.com/nishanths/exhaustive
unused github.com/nishanths/predeclared
unused github.com/nunnatsa/ginkgolinter
unused github.com/olekukonko/tablewriter
unused github.com/onsi/ginkgo
unused github.com/onsi/gomega
unused github.com/opencontainers/go-digest
unused github.com/opencontainers/image-spec
unused github.com/opencontainers/runtime-spec
unused github.com/oschwald/geoip2-golang
unused github.com/patrickmn/go-cache
unused github.com/pebbe/zmq4
unused github.com/pelletier/go-toml/v2
unused github.com/peterbourgon/ff/v3
unused github.com/pierrec/lz4/v4
unused github.com/pion/transport/v3
unused github.com/pjbgf/sha1cd
unused github.com/pkg/diff
unused github.com/pkg/profile
unused github.com/pkg/sftp
unused github.com/planetscale/vtprotobuf
unused github.com/polyfloyd/go-errorlint
unused github.com/power-devops/perfstat
unused github.com/prometheus/client_golang
unused github.com/prometheus/client_model
unused github.com/prometheus/common
unused github.com/prometheus/procfs
unused github.com/quasilyte/go-ruleguard
unused github.com/quasilyte/gogrep
unused github.com/quasilyte/regex/syntax
unused github.com/quasilyte/stdinfo
unused github.com/riobard/go-bloom
unused github.com/rivo/uniseg
unused github.com/ryancurrah/gomodguard
unused github.com/ryanrolds/sqlclosecheck
unused github.com/ryanuber/go-glob
unused github.com/safchain/ethtool
unused github.com/sanposhiho/wastedassign/v2
unused github.com/sashamelentyev/interfacebloat
unused github.com/sashamelentyev/usestdlibvars
unused github.com/sclevine/agouti
unused github.com/securego/gosec/v2
unused github.com/sergi/go-diff
unused github.com/shazow/go-diff
unused github.com/shirou/gopsutil/v4
unused github.com/shoenig/go-m1cpu
unused github.com/shopspring/decimal
unused github.com/sivchari/containedctx
unused github.com/sivchari/nosnakecase
unused github.com/sivchari/tenv
unused github.com/skeema/knownhosts
unused github.com/skip2/go-qrcode
unused github.com/sonatard/noctx
unused github.com/sourcegraph/go-diff
unused github.com/spaolacci/murmur3
unused github.com/spf13/afero
unused github.com/spf13/cast
unused github.com/spf13/cobra
unused github.com/spf13/jwalterweatherman
unused github.com/spf13/pflag
unused github.com/spf13/viper
unused github.com/spiffe/go-spiffe/v2
unused github.com/ssgreg/nlreturn/v2
unused github.com/stbenjam/no-sprintf-host-port
unused github.com/stretchr/objx
unused github.com/stretchr/testify
unused github.com/subosito/gotenv
unused github.com/t-yuki/gocover-cobertura
unused github.com/tailscale/certstore
unused github.com/tailscale/depaware
unused github.com/tailscale/go-winio
unused github.com/tailscale/goexpect
unused github.com/tailscale/golang-x-crypto
unused github.com/tailscale/hujson
unused github.com/tailscale/mkctr
unused github.com/tailscale/web-client-prebuilt
unused github.com/tailscale/wireguard-go
unused github.com/tc-hib/winres
unused github.com/tcnksm/go-httpstat
unused github.com/tdakkota/asciicheck
unused github.com/tetafro/godot
unused github.com/things-go/go-socks5
unused github.com/timakin/bodyclose
unused github.com/timonwong/loggercheck
unused github.com/tklauser/go-sysconf
unused github.com/tklauser/numcpus
unused github.com/tomarrell/wrapcheck/v2
unused github.com/tommy-muehle/go-mnd/v2
unused github.com/toqueteos/webbrowser
unused github.com/twmb/murmur3
unused github.com/u-root/u-root
unused github.com/u-root/uio
unused github.com/ulikunitz/xz
unused github.com/ultraware/funlen
unused github.com/ultraware/whitespace
unused github.com/uudashr/gocognit
unused github.com/vbatts/tar-split
unused github.com/xanzy/ssh-agent
unused github.com/xyproto/randomstring
unused github.com/yagipy/maintidx
unused github.com/yeya24/promlinter
unused github.com/yuin/goldmark
unused github.com/yusufpapurcu/wmi
unused github.com/zeebo/blake3
unused gitlab.com/bosi/decorder
unused gitlab.com/digitalxero/go-conventional-commit
unused go.opencensus.io
unused go.opentelemetry.io/auto/sdk
unused go.opentelemetry.io/contrib/detectors/gcp
unused go.opentelemetry.io/otel
unused go.opentelemetry.io/otel/metric
unused go.opentelemetry.io/otel/sdk
unused go.opentelemetry.io/otel/sdk/metric
unused go.opentelemetry.io/otel/trace
unused go.uber.org/mock
unused go.uber.org/multierr
unused go.uber.org/zap
unused golang.org/x/exp/shiny
unused golang.org/x/exp/typeparams
unused golang.org/x/image
unused golang.org/x/oauth2
unused golang.org/x/telemetry
unused golang.org/x/term
unused golang.org/x/tools/go/expect
unused golang.org/x/tools/go/packages/packagestest
unused golang.org/x/xerrors
unused gomodules.xyz/jsonpatch/v2
unused gonum.org/v1/gonum
unused google.golang.org/api
unused google.golang.org/appengine
unused google.golang.org/genproto/googleapis/api
unused gopkg.in/check.v1
unused gopkg.in/inf.v0
unused gopkg.in/ini.v1
unused gopkg.in/square/go-jose.v2
unused gopkg.in/warnings.v0
unused gopkg.in/yaml.v3
unused h12.io/socks
unused honnef.co/go/tools
unused howett.net/plist
unused inet.af/peercred
unused inet.af/tcpproxy
unused inet.af/wf
unused k8s.io/api
unused k8s.io/apiextensions-apiserver
unused k8s.io/apimachinery
unused k8s.io/apiserver
unused k8s.io/client-go
unused k8s.io/component-base
unused k8s.io/klog/v2
unused k8s.io/kube-openapi
unused k8s.io/utils
unused mvdan.cc/gofumpt
unused mvdan.cc/interfacer
unused mvdan.cc/lint
unused mvdan.cc/unparam
unused nhooyr.io/websocket
unused sigs.k8s.io/controller-runtime
unused sigs.k8s.io/controller-tools
unused sigs.k8s.io/json
unused sigs.k8s.io/structured-merge-diff/v4
unused sigs.k8s.io/yaml
unused software.sslmate.com/src/go-pkcs12
unused 4d63.com/gocheckcompilerdirectives
unused 4d63.com/gochecknoglobals
unused cel.dev/expr
unused cloud.google.com/go/compute/metadata
unused dario.cat/mergo
unused filippo.io/mkcert
unused github.com/Abirdcfly/dupword
unused github.com/AlekSi/pointer
unused github.com/Antonboom/errname
unused github.com/Antonboom/nilnil
unused github.com/BurntSushi/toml
unused github.com/Djarvur/go-err113
unused github.com/GaijinEntertainment/go-exhaustruct/v2
unused github.com/GoogleCloudPlatform/opentelemetry-operations-go/detectors/gcp
unused github.com/Jigsaw-Code/outline-ss-server
unused github.com/Masterminds/goutils
unused github.com/Masterminds/semver
unused github.com/Masterminds/semver/v3
unused github.com/Masterminds/sprig/v3
unused github.com/Microsoft/go-winio
unused github.com/Microsoft/hcsshim
unused github.com/OneOfOne/xxhash
unused github.com/OpenPeeDeeP/depguard
unused github.com/ProtonMail/go-crypto
unused github.com/Psiphon-Inc/rotate-safe-writer
unused github.com/Psiphon-Inc/uds-ipc
unused github.com/acomagu/bufpipe
unused github.com/akutz/memconn
unused github.com/alexkohler/prealloc
unused github.com/alingse/asasalint
unused github.com/anmitsu/go-shlex
unused github.com/ashanbrown/forbidigo
unused github.com/ashanbrown/makezero
unused github.com/aws/aws-sdk-go-v2
unused github.com/aws/aws-sdk-go-v2/aws/protocol/eventstream
unused github.com/aws/aws-sdk-go-v2/config
unused github.com/aws/aws-sdk-go-v2/credentials
unused github.com/aws/aws-sdk-go-v2/feature/ec2/imds
unused github.com/aws/aws-sdk-go-v2/feature/s3/manager
unused github.com/aws/aws-sdk-go-v2/internal/configsources
unused github.com/aws/aws-sdk-go-v2/internal/endpoints/v2
unused github.com/aws/aws-sdk-go-v2/internal/ini
unused github.com/aws/aws-sdk-go-v2/internal/v4a
unused github.com/aws/aws-sdk-go-v2/service/internal/accept-encoding
unused github.com/aws/aws-sdk-go-v2/service/internal/checksum
unused github.com/aws/aws-sdk-go-v2/service/internal/presigned-url
unused github.com/aws/aws-sdk-go-v2/service/internal/s3shared
unused github.com/aws/aws-sdk-go-v2/service/s3
unused github.com/aws/aws-sdk-go-v2/service/ssm
unused github.com/aws/aws-sdk-go-v2/service/sso
unused github.com/aws/aws-sdk-go-v2/service/ssooidc
unused github.com/aws/aws-sdk-go-v2/service/sts
unused github.com/aws/smithy-go
unused github.com/bazelbuild/rules_go
unused github.com/beorn7/perks
unused github.com/bkielbasa/cyclop
unused github.com/blakesmith/ar
unused github.com/blizzy78/varnamelen
unused github.com/bombsimon/wsl/v3
unused github.com/breml/bidichk
unused github.com/breml/errchkjson
unused github.com/butuzov/ireturn
unused github.com/bwesterb/go-ristretto
unused github.com/cavaliergopher/cpio
unused github.com/cenkalti/backoff
unused github.com/cespare/xxhash/v2
unused github.com/charithe/durationcheck
unused github.com/chavacava/garif
unused github.com/chzyer/logex
unused github.com/chzyer/readline
unused github.com/chzyer/test
unused github.com/cilium/ebpf
unused github.com/cncf/xds/go
unused github.com/containerd/cgroups
unused github.com/containerd/console
unused github.com/containerd/containerd
unused github.com/containerd/errdefs
unused github.com/containerd/fifo
unused github.com/containerd/go-runc
unused github.com/containerd/log
unused github.com/containerd/stargz-snapshotter/estargz
unused github.com/containerd/ttrpc
unused github.com/containerd/typeurl
unused github.com/coreos/go-systemd
unused github.com/coreos/go-systemd/v22
unused github.com/creack/pty
unused github.com/curioswitch/go-reassign
unused github.com/daixiang0/gci
unused github.com/dave/astrid
unused github.com/dave/brenda
unused github.com/dave/courtney
unused github.com/dave/jennifer
unused github.com/dave/patsy
unused github.com/deckarep/golang-set
unused github.com/denis-tingaikin/go-header
unused github.com/dgryski/go-rendezvous
unused github.com/digitalocean/go-smbios
unused github.com/docker/cli
unused github.com/docker/distribution
unused github.com/docker/docker
unused github.com/docker/docker-credential-helpers
unused github.com/docker/go-events
unused github.com/docker/go-units
unused github.com/dsnet/try
unused github.com/dvyukov/go-fuzz
unused github.com/elazarl/goproxy/ext
unused github.com/emicklei/go-restful/v3
unused github.com/emirpasic/gods
unused github.com/envoyproxy/go-control-plane
unused github.com/envoyproxy/go-control-plane/envoy
unused github.com/envoyproxy/go-control-plane/ratelimit
unused github.com/envoyproxy/protoc-gen-validate
unused github.com/esimonov/ifshort
unused github.com/ettle/strcase
unused github.com/evanphx/json-patch
unused github.com/evanphx/json-patch/v5
unused github.com/evanw/esbuild
unused github.com/eycorsican/go-tun2socks
unused github.com/fatih/color
unused github.com/fatih/structtag
unused github.com/felixge/fgprof
unused github.com/firefart/nonamedreturns
unused github.com/florianl/go-nfqueue
unused github.com/frankban/quicktest
unused github.com/fsnotify/fsnotify
unused github.com/fzipp/gocyclo
unused github.com/gaukas/godicttls
unused github.com/go-critic/go-critic
unused github.com/go-git/gcfg
unused github.com/go-git/go-billy/v5
unused github.com/go-git/go-git/v5
unused github.com/go-jose/go-jose/v4
unused github.com/go-json-experiment/json
unused github.com/go-logr/logr
unused github.com/go-logr/stdr
unused github.com/go-logr/zapr
unused github.com/go-openapi/jsonpointer
unused github.com/go-openapi/jsonreference
unused github.com/go-openapi/swag
unused github.com/go-redis/redis/v8
unused github.com/go-toolsmith/astcast
unused github.com/go-toolsmith/astcopy
unused github.com/go-toolsmith/astequal
unused github.com/go-toolsmith/astfmt
unused github.com/go-toolsmith/astp
unused github.com/go-toolsmith/strparse
unused github.com/go-toolsmith/typep
unused github.com/go-xmlfmt/xmlfmt
unused github.com/gobuffalo/flect
unused github.com/gobwas/glob
unused github.com/godbus/dbus/v5
unused github.com/gofrs/flock
unused github.com/gogo/protobuf
unused github.com/golang/glog
unused github.com/golang/mock
unused github.com/golangci/check
unused github.com/golangci/dupl
unused github.com/golangci/go-misc
unused github.com/golangci/gofmt
unused github.com/golangci/golangci-lint
unused github.com/golangci/lint-1
unused github.com/golangci/maligned
unused github.com/golangci/misspell
unused github.com/golangci/revgrep
unused github.com/golangci/unconvert
unused github.com/google/gnostic-models
unused github.com/google/go-containerregistry
unused github.com/google/gofuzz
unused github.com/google/gopacket
unused github.com/google/goterm
unused github.com/google/rpmpack
unused github.com/google/subcommands
unused github.com/googleapis/enterprise-certificate-proxy
unused github.com/googleapis/gnostic
unused github.com/gordonklaus/ineffassign
unused github.com/goreleaser/chglog
unused github.com/goreleaser/fileglob
unused github.com/goreleaser/nfpm/v2
unused github.com/gorilla/csrf
unused github.com/gorilla/mux
unused github.com/gorilla/securecookie
unused github.com/gostaticanalysis/analysisutil
unused github.com/gostaticanalysis/comment
unused github.com/gostaticanalysis/forcetypeassert
unused github.com/gostaticanalysis/nilerr
unused github.com/hashicorp/errwrap
unused github.com/hashicorp/go-multierror
unused github.com/hashicorp/go-version
unused github.com/hashicorp/golang-lru
unused github.com/hashicorp/hcl
unused github.com/hdevalence/ed25519consensus
unused github.com/hexops/gotextdiff
unused github.com/huandu/xstrings
unused github.com/iancoleman/strcase
unused github.com/ianlancetaylor/demangle
unused github.com/illarion/gonotify
unused github.com/imdario/mergo
unused github.com/inconshreveable/mousetrap
unused github.com/insomniacslk/dhcp
unused github.com/jbenet/go-context
unused github.com/jgautheron/goconst
unused github.com/jingyugao/rowserrcheck
unused github.com/jinzhu/copier
unused github.com/jirfag/go-printf-func-name
unused github.com/jmespath/go-jmespath
unused github.com/jordanlewis/gcassert
unused github.com/josharian/intern
unused github.com/json-iterator/go
unused github.com/julz/importas
unused github.com/junk1tm/musttag
unused github.com/kardianos/osext
unused github.com/kballard/go-shellquote
unused github.com/keltia/proxy
unused github.com/keltia/ripe-atlas
unused github.com/kevinburke/ssh_config
unused github.com/kisielk/errcheck
unused github.com/kisielk/gotool
unused github.com/kkHAIKE/contextcheck
unused github.com/klauspost/pgzip
unused github.com/kortschak/wol
unused github.com/kr/fs
unused github.com/kr/pretty
unused github.com/kr/pty
unused github.com/kr/text
unused github.com/kulti/thelper
unused github.com/kunwardeep/paralleltest
unused github.com/kyoh86/exportloopref
unused github.com/ldez/gomoddirectives
unused github.com/ldez/tagliatelle
unused github.com/leonklingele/grouper
unused github.com/lufeee/execinquery
unused github.com/lufia/plan9stats
unused github.com/lxn/walk
unused github.com/lxn/win
unused github.com/magiconair/properties
unused github.com/mailru/easyjson
unused github.com/maratori/testableexamples
unused github.com/maratori/testpackage
unused github.com/matoous/godox
unused github.com/mattbaird/jsonpatch
unused github.com/mattn/go-colorable
unused github.com/mattn/go-isatty
unused github.com/mattn/go-runewidth
unused github.com/matttproud/golang_protobuf_extensions
unused github.com/mbilski/exhaustivestruct
unused github.com/mdlayher/genetlink
unused github.com/mdlayher/sdnotify
unused github.com/mgechev/revive
unused github.com/minio/crc64nvme
unused github.com/mitchellh/copystructure
unused github.com/mitchellh/go-homedir
unused github.com/mitchellh/go-ps
unused github.com/mitchellh/mapstructure
unused github.com/mitchellh/panicwrap
unused github.com/mitchellh/reflectwalk
unused github.com/moby/sys/capability
unused github.com/moby/sys/mountinfo
unused github.com/modern-go/concurrent
unused github.com/modern-go/reflect2
unused github.com/mohae/deepcopy
unused github.com/moricho/tparallel
unused github.com/munnerz/goautoneg
unused github.com/nakabonne/nestif
unused github.com/nbutton23/zxcvbn-go
unused github.com/nfnt/resize
unused github.com/nishanths/exhaustive
unused github.com/nishanths/predeclared
unused github.com/nunnatsa/ginkgolinter
unused github.com/olekukonko/tablewriter
unused github.com/onsi/ginkgo
unused github.com/onsi/gomega
unused github.com/opencontainers/go-digest
unused github.com/opencontainers/image-spec
unused github.com/opencontainers/runtime-spec
unused github.com/oschwald/geoip2-golang
unused github.com/patrickmn/go-cache
unused github.com/pebbe/zmq4
unused github.com/pelletier/go-toml/v2
unused github.com/peterbourgon/ff/v3
unused github.com/pierrec/lz4/v4
unused github.com/pion/transport/v3
unused github.com/pjbgf/sha1cd
unused github.com/pkg/diff
unused github.com/pkg/profile
unused github.com/pkg/sftp
unused github.com/planetscale/vtprotobuf
unused github.com/polyfloyd/go-errorlint
unused github.com/power-devops/perfstat
unused github.com/prometheus/client_golang
unused github.com/prometheus/client_model
unused github.com/prometheus/common
unused github.com/prometheus/procfs
unused github.com/quasilyte/go-ruleguard
unused github.com/quasilyte/gogrep
unused github.com/quasilyte/regex/syntax
unused github.com/quasilyte/stdinfo
unused github.com/riobard/go-bloom
unused github.com/rivo/uniseg
unused github.com/ryancurrah/gomodguard
unused github.com/ryanrolds/sqlclosecheck
unused github.com/ryanuber/go-glob
unused github.com/safchain/ethtool
unused github.com/sanposhiho/wastedassign/v2
unused github.com/sashamelentyev/interfacebloat
unused github.com/sashamelentyev/usestdlibvars
unused github.com/sclevine/agouti
unused github.com/securego/gosec/v2
unused github.com/sergi/go-diff
unused github.com/shazow/go-diff
unused github.com/shirou/gopsutil/v4
unused github.com/shoenig/go-m1cpu
unused github.com/shopspring/decimal
unused github.com/sivchari/containedctx
unused github.com/sivchari/nosnakecase
unused github.com/sivchari/tenv
unused github.com/skeema/knownhosts
unused github.com/skip2/go-qrcode
unused github.com/sonatard/noctx
unused github.com/sourcegraph/go-diff
unused github.com/spaolacci/murmur3
unused github.com/spf13/afero
unused github.com/spf13/cast
unused github.com/spf13/cobra
unused github.com/spf13/jwalterweatherman
unused github.com/spf13/pflag
unused github.com/spf13/viper
unused github.com/spiffe/go-spiffe/v2
unused github.com/ssgreg/nlreturn/v2
unused github.com/stbenjam/no-sprintf-host-port
unused github.com/stretchr/objx
unused github.com/stretchr/testify
unused github.com/subosito/gotenv
unused github.com/t-yuki/gocover-cobertura
unused github.com/tailscale/certstore
unused github.com/tailscale/depaware
unused github.com/tailscale/go-winio
unused github.com/tailscale/goexpect
unused github.com/tailscale/golang-x-crypto
unused github.com/tailscale/hujson
unused github.com/tailscale/mkctr
unused github.com/tailscale/web-client-prebuilt
unused github.com/tailscale/wireguard-go
unused github.com/tc-hib/winres
unused github.com/tcnksm/go-httpstat
unused github.com/tdakkota/asciicheck
unused github.com/tetafro/godot
unused github.com/things-go/go-socks5
unused github.com/timakin/bodyclose
unused github.com/timonwong/loggercheck
unused github.com/tklauser/go-sysconf
unused github.com/tklauser/numcpus
unused github.com/tomarrell/wrapcheck/v2
unused github.com/tommy-muehle/go-mnd/v2
unused github.com/toqueteos/webbrowser
unused github.com/twmb/murmur3
unused github.com/u-root/u-root
unused github.com/u-root/uio
unused github.com/ulikunitz/xz
unused github.com/ultraware/funlen
unused github.com/ultraware/whitespace
unused github.com/uudashr/gocognit
unused github.com/vbatts/tar-split
unused github.com/xanzy/ssh-agent
unused github.com/xyproto/randomstring
unused github.com/yagipy/maintidx
unused github.com/yeya24/promlinter
unused github.com/yuin/goldmark
unused github.com/yusufpapurcu/wmi
unused github.com/zeebo/blake3
unused gitlab.com/bosi/decorder
unused gitlab.com/digitalxero/go-conventional-commit
unused go.opencensus.io
unused go.opentelemetry.io/auto/sdk
unused go.opentelemetry.io/contrib/detectors/gcp
unused go.opentelemetry.io/otel
unused go.opentelemetry.io/otel/metric
unused go.opentelemetry.io/otel/sdk
unused go.opentelemetry.io/otel/sdk/metric
unused go.opentelemetry.io/otel/trace
unused go.uber.org/mock
unused go.uber.org/multierr
unused go.uber.org/zap
unused golang.org/x/exp/shiny
unused golang.org/x/exp/typeparams
unused golang.org/x/image
unused golang.org/x/oauth2
unused golang.org/x/telemetry
unused golang.org/x/term
unused golang.org/x/tools/go/expect
unused golang.org/x/tools/go/packages/packagestest
unused golang.org/x/xerrors
unused gomodules.xyz/jsonpatch/v2
unused gonum.org/v1/gonum
unused google.golang.org/api
unused google.golang.org/appengine
unused google.golang.org/genproto/googleapis/api
unused gopkg.in/check.v1
unused gopkg.in/inf.v0
unused gopkg.in/ini.v1
unused gopkg.in/square/go-jose.v2
unused gopkg.in/warnings.v0
unused gopkg.in/yaml.v3
unused h12.io/socks
unused honnef.co/go/tools
unused howett.net/plist
unused inet.af/peercred
unused inet.af/tcpproxy
unused inet.af/wf
unused k8s.io/api
unused k8s.io/apiextensions-apiserver
unused k8s.io/apimachinery
unused k8s.io/apiserver
unused k8s.io/client-go
unused k8s.io/component-base
unused k8s.io/klog/v2
unused k8s.io/kube-openapi
unused k8s.io/utils
unused mvdan.cc/gofumpt
unused mvdan.cc/interfacer
unused mvdan.cc/lint
unused mvdan.cc/unparam
unused nhooyr.io/websocket
unused sigs.k8s.io/controller-runtime
unused sigs.k8s.io/controller-tools
unused sigs.k8s.io/json
unused sigs.k8s.io/structured-merge-diff/v4
unused sigs.k8s.io/yaml
unused software.sslmate.com/src/go-pkcs12
unused 4d63.com/gocheckcompilerdirectives
unused 4d63.com/gochecknoglobals
unused cel.dev/expr
unused cloud.google.com/go/compute/metadata
unused dario.cat/mergo
unused filippo.io/mkcert
unused github.com/Abirdcfly/dupword
unused github.com/AlekSi/pointer
unused github.com/Antonboom/errname
unused github.com/Antonboom/nilnil
unused github.com/BurntSushi/toml
unused github.com/Djarvur/go-err113
unused github.com/GaijinEntertainment/go-exhaustruct/v2
unused github.com/GoogleCloudPlatform/opentelemetry-operations-go/detectors/gcp
unused github.com/Jigsaw-Code/outline-ss-server
unused github.com/Masterminds/goutils
unused github.com/Masterminds/semver
unused github.com/Masterminds/semver/v3
unused github.com/Masterminds/sprig/v3
unused github.com/Microsoft/go-winio
unused github.com/Microsoft/hcsshim
unused github.com/OneOfOne/xxhash
unused github.com/OpenPeeDeeP/depguard
unused github.com/ProtonMail/go-crypto
unused github.com/Psiphon-Inc/rotate-safe-writer
unused github.com/Psiphon-Inc/uds-ipc
unused github.com/acomagu/bufpipe
unused github.com/akutz/memconn
unused github.com/alexkohler/prealloc
unused github.com/alingse/asasalint
unused github.com/anmitsu/go-shlex
unused github.com/ashanbrown/forbidigo
unused github.com/ashanbrown/makezero
unused github.com/aws/aws-sdk-go-v2
unused github.com/aws/aws-sdk-go-v2/aws/protocol/eventstream
unused github.com/aws/aws-sdk-go-v2/config
unused github.com/aws/aws-sdk-go-v2/credentials
unused github.com/aws/aws-sdk-go-v2/feature/ec2/imds
unused github.com/aws/aws-sdk-go-v2/feature/s3/manager
unused github.com/aws/aws-sdk-go-v2/internal/configsources
unused github.com/aws/aws-sdk-go-v2/internal/endpoints/v2
unused github.com/aws/aws-sdk-go-v2/internal/ini
unused github.com/aws/aws-sdk-go-v2/internal/v4a
unused github.com/aws/aws-sdk-go-v2/service/internal/accept-encoding
unused github.com/aws/aws-sdk-go-v2/service/internal/checksum
unused github.com/aws/aws-sdk-go-v2/service/internal/presigned-url
unused github.com/aws/aws-sdk-go-v2/service/internal/s3shared
unused github.com/aws/aws-sdk-go-v2/service/s3
unused github.com/aws/aws-sdk-go-v2/service/ssm
unused github.com/aws/aws-sdk-go-v2/service/sso
unused github.com/aws/aws-sdk-go-v2/service/ssooidc
unused github.com/aws/aws-sdk-go-v2/service/sts
unused github.com/aws/smithy-go
unused github.com/bazelbuild/rules_go
unused github.com/beorn7/perks
unused github.com/bkielbasa/cyclop
unused github.com/blakesmith/ar
unused github.com/blizzy78/varnamelen
unused github.com/bombsimon/wsl/v3
unused github.com/breml/bidichk
unused github.com/breml/errchkjson
unused github.com/butuzov/ireturn
unused github.com/bwesterb/go-ristretto
unused github.com/cavaliergopher/cpio
unused github.com/cenkalti/backoff
unused github.com/cespare/xxhash/v2
unused github.com/charithe/durationcheck
unused github.com/chavacava/garif
unused github.com/chzyer/logex
unused github.com/chzyer/readline
unused github.com/chzyer/test
unused github.com/cilium/ebpf
unused github.com/cncf/xds/go
unused github.com/containerd/cgroups
unused github.com/containerd/console
unused github.com/containerd/containerd
unused github.com/containerd/errdefs
unused github.com/containerd/fifo
unused github.com/containerd/go-runc
unused github.com/containerd/log
unused github.com/containerd/stargz-snapshotter/estargz
unused github.com/containerd/ttrpc
unused github.com/containerd/typeurl
unused github.com/coreos/go-systemd
unused github.com/coreos/go-systemd/v22
unused github.com/creack/pty
unused github.com/curioswitch/go-reassign
unused github.com/daixiang0/gci
unused github.com/dave/astrid
unused github.com/dave/brenda
unused github.com/dave/courtney
unused github.com/dave/jennifer
unused github.com/dave/patsy
unused github.com/deckarep/golang-set
unused github.com/denis-tingaikin/go-header
unused github.com/dgryski/go-rendezvous
unused github.com/digitalocean/go-smbios
unused github.com/docker/cli
unused github.com/docker/distribution
unused github.com/docker/docker
unused github.com/docker/docker-credential-helpers
unused github.com/docker/go-events
unused github.com/docker/go-units
unused github.com/dsnet/try
unused github.com/dvyukov/go-fuzz
unused github.com/elazarl/goproxy/ext
unused github.com/emicklei/go-restful/v3
unused github.com/emirpasic/gods
unused github.com/envoyproxy/go-control-plane
unused github.com/envoyproxy/go-control-plane/envoy
unused github.com/envoyproxy/go-control-plane/ratelimit
unused github.com/envoyproxy/protoc-gen-validate
unused github.com/esimonov/ifshort
unused github.com/ettle/strcase
unused github.com/evanphx/json-patch
unused github.com/evanphx/json-patch/v5
unused github.com/evanw/esbuild
unused github.com/eycorsican/go-tun2socks
unused github.com/fatih/color
unused github.com/fatih/structtag
unused github.com/felixge/fgprof
unused github.com/firefart/nonamedreturns
unused github.com/florianl/go-nfqueue
unused github.com/frankban/quicktest
unused github.com/fsnotify/fsnotify
unused github.com/fzipp/gocyclo
unused github.com/gaukas/godicttls
unused github.com/go-critic/go-critic
unused github.com/go-git/gcfg
unused github.com/go-git/go-billy/v5
unused github.com/go-git/go-git/v5
unused github.com/go-jose/go-jose/v4
unused github.com/go-json-experiment/json
unused github.com/go-logr/logr
unused github.com/go-logr/stdr
unused github.com/go-logr/zapr
unused github.com/go-openapi/jsonpointer
unused github.com/go-openapi/jsonreference
unused github.com/go-openapi/swag
unused github.com/go-redis/redis/v8
unused github.com/go-toolsmith/astcast
unused github.com/go-toolsmith/astcopy
unused github.com/go-toolsmith/astequal
unused github.com/go-toolsmith/astfmt
unused github.com/go-toolsmith/astp
unused github.com/go-toolsmith/strparse
unused github.com/go-toolsmith/typep
unused github.com/go-xmlfmt/xmlfmt
unused github.com/gobuffalo/flect
unused github.com/gobwas/glob
unused github.com/godbus/dbus/v5
unused github.com/gofrs/flock
unused github.com/gogo/protobuf
unused github.com/golang/glog
unused github.com/golang/mock
unused github.com/golangci/check
unused github.com/golangci/dupl
unused github.com/golangci/go-misc
unused github.com/golangci/gofmt
unused github.com/golangci/golangci-lint
unused github.com/golangci/lint-1
unused github.com/golangci/maligned
unused github.com/golangci/misspell
unused github.com/golangci/revgrep
unused github.com/golangci/unconvert
unused github.com/google/gnostic-models
unused github.com/google/go-containerregistry
unused github.com/google/gofuzz
unused github.com/google/gopacket
unused github.com/google/goterm
unused github.com/google/rpmpack
unused github.com/google/subcommands
unused github.com/googleapis/enterprise-certificate-proxy
unused github.com/googleapis/gnostic
unused github.com/gordonklaus/ineffassign
unused github.com/goreleaser/chglog
unused github.com/goreleaser/fileglob
unused github.com/goreleaser/nfpm/v2
unused github.com/gorilla/csrf
unused github.com/gorilla/mux
unused github.com/gorilla/securecookie
unused github.com/gostaticanalysis/analysisutil
unused github.com/gostaticanalysis/comment
unused github.com/gostaticanalysis/forcetypeassert
unused github.com/gostaticanalysis/nilerr
unused github.com/hashicorp/errwrap
unused github.com/hashicorp/go-multierror
unused github.com/hashicorp/go-version
unused github.com/hashicorp/golang-lru
unused github.com/hashicorp/hcl
unused github.com/hdevalence/ed25519consensus
unused github.com/hexops/gotextdiff
unused github.com/huandu/xstrings
unused github.com/iancoleman/strcase
unused github.com/ianlancetaylor/demangle
unused github.com/illarion/gonotify
unused github.com/imdario/mergo
unused github.com/inconshreveable/mousetrap
unused github.com/insomniacslk/dhcp
unused github.com/jbenet/go-context
unused github.com/jgautheron/goconst
unused github.com/jingyugao/rowserrcheck
unused github.com/jinzhu/copier
unused github.com/jirfag/go-printf-func-name
unused github.com/jmespath/go-jmespath
unused github.com/jordanlewis/gcassert
unused github.com/josharian/intern
unused github.com/json-iterator/go
unused github.com/julz/importas
unused github.com/junk1tm/musttag
unused github.com/kardianos/osext
unused github.com/kballard/go-shellquote
unused github.com/keltia/proxy
unused github.com/keltia/ripe-atlas
unused github.com/kevinburke/ssh_config
unused github.com/kisielk/errcheck
unused github.com/kisielk/gotool
unused github.com/kkHAIKE/contextcheck
unused github.com/klauspost/pgzip
unused github.com/kortschak/wol
unused github.com/kr/fs
unused github.com/kr/pretty
unused github.com/kr/pty
unused github.com/kr/text
unused github.com/kulti/thelper
unused github.com/kunwardeep/paralleltest
unused github.com/kyoh86/exportloopref
unused github.com/ldez/gomoddirectives
unused github.com/ldez/tagliatelle
unused github.com/leonklingele/grouper
unused github.com/lufeee/execinquery
unused github.com/lufia/plan9stats
unused github.com/lxn/walk
unused github.com/lxn/win
unused github.com/magiconair/properties
unused github.com/mailru/easyjson
unused github.com/maratori/testableexamples
unused github.com/maratori/testpackage
unused github.com/matoous/godox
unused github.com/mattbaird/jsonpatch
unused github.com/mattn/go-colorable
unused github.com/mattn/go-isatty
unused github.com/mattn/go-runewidth
unused github.com/matttproud/golang_protobuf_extensions
unused github.com/mbilski/exhaustivestruct
unused github.com/mdlayher/genetlink
unused github.com/mdlayher/sdnotify
unused github.com/mgechev/revive
unused github.com/minio/crc64nvme
unused github.com/mitchellh/copystructure
unused github.com/mitchellh/go-homedir
unused github.com/mitchellh/go-ps
unused github.com/mitchellh/mapstructure
unused github.com/mitchellh/panicwrap
unused github.com/mitchellh/reflectwalk
unused github.com/moby/sys/capability
unused github.com/moby/sys/mountinfo
unused github.com/modern-go/concurrent
unused github.com/modern-go/reflect2
unused github.com/mohae/deepcopy
unused github.com/moricho/tparallel
unused github.com/munnerz/goautoneg
unused github.com/nakabonne/nestif
unused github.com/nbutton23/zxcvbn-go
unused github.com/nfnt/resize
unused github.com/nishanths/exhaustive
unused github.com/nishanths/predeclared
unused github.com/nunnatsa/ginkgolinter
unused github.com/olekukonko/tablewriter
unused github.com/onsi/ginkgo
unused github.com/onsi/gomega
unused github.com/opencontainers/go-digest
unused github.com/opencontainers/image-spec
unused github.com/opencontainers/runtime-spec
unused github.com/oschwald/geoip2-golang
unused github.com/patrickmn/go-cache
unused github.com/pebbe/zmq4
unused github.com/pelletier/go-toml/v2
unused github.com/peterbourgon/ff/v3
unused github.com/pierrec/lz4/v4
unused github.com/pion/transport/v3
unused github.com/pjbgf/sha1cd
unused github.com/pkg/diff
unused github.com/pkg/profile
unused github.com/pkg/sftp
unused github.com/planetscale/vtprotobuf
unused github.com/polyfloyd/go-errorlint
unused github.com/power-devops/perfstat
unused github.com/prometheus/client_golang
unused github.com/prometheus/client_model
unused github.com/prometheus/common
unused github.com/prometheus/procfs
unused github.com/quasilyte/go-ruleguard
unused github.com/quasilyte/gogrep
unused github.com/quasilyte/regex/syntax
unused github.com/quasilyte/stdinfo
unused github.com/riobard/go-bloom
unused github.com/rivo/uniseg
unused github.com/ryancurrah/gomodguard
unused github.com/ryanrolds/sqlclosecheck
unused github.com/ryanuber/go-glob
unused github.com/safchain/ethtool
unused github.com/sanposhiho/wastedassign/v2
unused github.com/sashamelentyev/interfacebloat
unused github.com/sashamelentyev/usestdlibvars
unused github.com/sclevine/agouti
unused github.com/securego/gosec/v2
unused github.com/sergi/go-diff
unused github.com/shazow/go-diff
unused github.com/shirou/gopsutil/v4
unused github.com/shoenig/go-m1cpu
unused github.com/shopspring/decimal
unused github.com/sivchari/containedctx
unused github.com/sivchari/nosnakecase
unused github.com/sivchari/tenv
unused github.com/skeema/knownhosts
unused github.com/skip2/go-qrcode
unused github.com/sonatard/noctx
unused github.com/sourcegraph/go-diff
unused github.com/spaolacci/murmur3
unused github.com/spf13/afero
unused github.com/spf13/cast
unused github.com/spf13/cobra
unused github.com/spf13/jwalterweatherman
unused github.com/spf13/pflag
unused github.com/spf13/viper
unused github.com/spiffe/go-spiffe/v2
unused github.com/ssgreg/nlreturn/v2
unused github.com/stbenjam/no-sprintf-host-port
unused github.com/stretchr/objx
unused github.com/stretchr/testify
unused github.com/subosito/gotenv
unused github.com/t-yuki/gocover-cobertura
unused github.com/tailscale/certstore
unused github.com/tailscale/depaware
unused github.com/tailscale/go-winio
unused github.com/tailscale/goexpect
unused github.com/tailscale/golang-x-crypto
unused github.com/tailscale/hujson
unused github.com/tailscale/mkctr
unused github.com/tailscale/web-client-prebuilt
unused github.com/tailscale/wireguard-go
unused github.com/tc-hib/winres
unused github.com/tcnksm/go-httpstat
unused github.com/tdakkota/asciicheck
unused github.com/tetafro/godot
unused github.com/things-go/go-socks5
unused github.com/timakin/bodyclose
unused github.com/timonwong/loggercheck
unused github.com/tklauser/go-sysconf
unused github.com/tklauser/numcpus
unused github.com/tomarrell/wrapcheck/v2
unused github.com/tommy-muehle/go-mnd/v2
unused github.com/toqueteos/webbrowser
unused github.com/twmb/murmur3
unused github.com/u-root/u-root
unused github.com/u-root/uio
unused github.com/ulikunitz/xz
unused github.com/ultraware/funlen
unused github.com/ultraware/whitespace
unused github.com/uudashr/gocognit
unused github.com/vbatts/tar-split
unused github.com/xanzy/ssh-agent
unused github.com/xyproto/randomstring
unused github.com/yagipy/maintidx
unused github.com/yeya24/promlinter
unused github.com/yuin/goldmark
unused github.com/yusufpapurcu/wmi
unused github.com/zeebo/blake3
unused gitlab.com/bosi/decorder
unused gitlab.com/digitalxero/go-conventional-commit
unused go.opencensus.io
unused go.opentelemetry.io/auto/sdk
unused go.opentelemetry.io/contrib/detectors/gcp
unused go.opentelemetry.io/otel
unused go.opentelemetry.io/otel/metric
unused go.opentelemetry.io/otel/sdk
unused go.opentelemetry.io/otel/sdk/metric
unused go.opentelemetry.io/otel/trace
unused go.uber.org/mock
unused go.uber.org/multierr
unused go.uber.org/zap
unused golang.org/x/exp/shiny
unused golang.org/x/exp/typeparams
unused golang.org/x/image
unused golang.org/x/oauth2
unused golang.org/x/telemetry
unused golang.org/x/term
unused golang.org/x/tools/go/expect
unused golang.org/x/tools/go/packages/packagestest
unused golang.org/x/xerrors
unused gomodules.xyz/jsonpatch/v2
unused gonum.org/v1/gonum
unused google.golang.org/api
unused google.golang.org/appengine
unused google.golang.org/genproto/googleapis/api
unused gopkg.in/check.v1
unused gopkg.in/inf.v0
unused gopkg.in/ini.v1
unused gopkg.in/square/go-jose.v2
unused gopkg.in/warnings.v0
unused 4d63.com/gocheckcompilerdirectives
unused gopkg.in/yaml.v3
unused 4d63.com/gochecknoglobals
unused h12.io/socks
unused cel.dev/expr
unused honnef.co/go/tools
unused cloud.google.com/go/compute/metadata
unused howett.net/plist
unused dario.cat/mergo
unused inet.af/peercred
unused filippo.io/mkcert
unused inet.af/tcpproxy
unused github.com/Abirdcfly/dupword
unused inet.af/wf
unused github.com/AlekSi/pointer
unused k8s.io/api
unused github.com/Antonboom/errname
unused k8s.io/apiextensions-apiserver
unused github.com/Antonboom/nilnil
unused k8s.io/apimachinery
unused github.com/BurntSushi/toml
unused k8s.io/apiserver
unused github.com/Djarvur/go-err113
unused k8s.io/client-go
unused github.com/GaijinEntertainment/go-exhaustruct/v2
unused k8s.io/component-base
unused github.com/GoogleCloudPlatform/opentelemetry-operations-go/detectors/gcp
unused k8s.io/klog/v2
unused github.com/Jigsaw-Code/outline-ss-server
unused k8s.io/kube-openapi
unused github.com/Masterminds/goutils
unused k8s.io/utils
unused github.com/Masterminds/semver
unused mvdan.cc/gofumpt
unused github.com/Masterminds/semver/v3
unused mvdan.cc/interfacer
unused github.com/Masterminds/sprig/v3
unused mvdan.cc/lint
unused github.com/Microsoft/go-winio
unused mvdan.cc/unparam
unused github.com/Microsoft/hcsshim
unused nhooyr.io/websocket
unused github.com/OneOfOne/xxhash
unused sigs.k8s.io/controller-runtime
unused github.com/OpenPeeDeeP/depguard
unused sigs.k8s.io/controller-tools
unused github.com/ProtonMail/go-crypto
unused sigs.k8s.io/json
unused github.com/Psiphon-Inc/rotate-safe-writer
unused github.com/Psiphon-Inc/uds-ipc
unused sigs.k8s.io/structured-merge-diff/v4
unused sigs.k8s.io/yaml
unused github.com/acomagu/bufpipe
unused software.sslmate.com/src/go-pkcs12
unused github.com/akutz/memconn
unused github.com/alexkohler/prealloc
unused github.com/alingse/asasalint
unused github.com/anmitsu/go-shlex
unused github.com/ashanbrown/forbidigo
unused github.com/ashanbrown/makezero
unused github.com/aws/aws-sdk-go-v2
unused github.com/aws/aws-sdk-go-v2/aws/protocol/eventstream
unused github.com/aws/aws-sdk-go-v2/config
unused github.com/aws/aws-sdk-go-v2/credentials
unused github.com/aws/aws-sdk-go-v2/feature/ec2/imds
unused github.com/aws/aws-sdk-go-v2/feature/s3/manager
unused github.com/aws/aws-sdk-go-v2/internal/configsources
unused github.com/aws/aws-sdk-go-v2/internal/endpoints/v2
unused github.com/aws/aws-sdk-go-v2/internal/ini
unused github.com/aws/aws-sdk-go-v2/internal/v4a
unused github.com/aws/aws-sdk-go-v2/service/internal/accept-encoding
unused github.com/aws/aws-sdk-go-v2/service/internal/checksum
unused github.com/aws/aws-sdk-go-v2/service/internal/presigned-url
unused github.com/aws/aws-sdk-go-v2/service/internal/s3shared
unused github.com/aws/aws-sdk-go-v2/service/s3
unused github.com/aws/aws-sdk-go-v2/service/ssm
unused github.com/aws/aws-sdk-go-v2/service/sso
unused github.com/aws/aws-sdk-go-v2/service/ssooidc
unused github.com/aws/aws-sdk-go-v2/service/sts
unused github.com/aws/smithy-go
unused github.com/bazelbuild/rules_go
unused github.com/beorn7/perks
unused github.com/bkielbasa/cyclop
unused github.com/blakesmith/ar
unused github.com/blizzy78/varnamelen
unused github.com/bombsimon/wsl/v3
unused github.com/breml/bidichk
unused github.com/breml/errchkjson
unused github.com/butuzov/ireturn
unused github.com/bwesterb/go-ristretto
unused github.com/cavaliergopher/cpio
unused github.com/cenkalti/backoff
unused github.com/cespare/xxhash/v2
unused github.com/charithe/durationcheck
unused github.com/chavacava/garif
unused github.com/chzyer/logex
unused github.com/chzyer/readline
unused github.com/chzyer/test
unused github.com/cilium/ebpf
unused github.com/cncf/xds/go
unused github.com/containerd/cgroups
unused github.com/containerd/console
unused github.com/containerd/containerd
unused github.com/containerd/errdefs
unused github.com/containerd/fifo
unused github.com/containerd/go-runc
unused github.com/containerd/log
unused github.com/containerd/stargz-snapshotter/estargz
unused github.com/containerd/ttrpc
unused github.com/containerd/typeurl
unused github.com/coreos/go-systemd
unused github.com/coreos/go-systemd/v22
unused github.com/creack/pty
unused github.com/curioswitch/go-reassign
unused github.com/daixiang0/gci
unused github.com/dave/astrid
unused github.com/dave/brenda
unused github.com/dave/courtney
unused github.com/dave/jennifer
unused github.com/dave/patsy
unused github.com/deckarep/golang-set
unused github.com/denis-tingaikin/go-header
unused github.com/dgryski/go-rendezvous
unused github.com/digitalocean/go-smbios
unused github.com/docker/cli
unused github.com/docker/distribution
unused github.com/docker/docker
unused github.com/docker/docker-credential-helpers
unused github.com/docker/go-events
unused github.com/docker/go-units
unused github.com/dsnet/try
unused github.com/dvyukov/go-fuzz
unused github.com/elazarl/goproxy/ext
unused github.com/emicklei/go-restful/v3
unused github.com/emirpasic/gods
unused github.com/envoyproxy/go-control-plane
unused github.com/envoyproxy/go-control-plane/envoy
unused github.com/envoyproxy/go-control-plane/ratelimit
unused github.com/envoyproxy/protoc-gen-validate
unused github.com/esimonov/ifshort
unused github.com/ettle/strcase
unused github.com/evanphx/json-patch
unused github.com/evanphx/json-patch/v5
unused github.com/evanw/esbuild
unused github.com/eycorsican/go-tun2socks
unused github.com/fatih/color
unused github.com/fatih/structtag
unused github.com/felixge/fgprof
unused github.com/firefart/nonamedreturns
unused github.com/florianl/go-nfqueue
unused github.com/frankban/quicktest
unused github.com/fsnotify/fsnotify
unused github.com/fzipp/gocyclo
unused github.com/gaukas/godicttls
unused github.com/go-critic/go-critic
unused github.com/go-git/gcfg
unused github.com/go-git/go-billy/v5
unused github.com/go-git/go-git/v5
unused github.com/go-jose/go-jose/v4
unused github.com/go-json-experiment/json
unused github.com/go-logr/logr
unused github.com/go-logr/stdr
unused github.com/go-logr/zapr
unused github.com/go-openapi/jsonpointer
unused github.com/go-openapi/jsonreference
unused github.com/go-openapi/swag
unused github.com/go-redis/redis/v8
unused github.com/go-toolsmith/astcast
unused github.com/go-toolsmith/astcopy
unused github.com/go-toolsmith/astequal
unused github.com/go-toolsmith/astfmt
unused github.com/go-toolsmith/astp
unused github.com/go-toolsmith/strparse
unused github.com/go-toolsmith/typep
unused github.com/go-xmlfmt/xmlfmt
unused github.com/gobuffalo/flect
unused github.com/gobwas/glob
unused github.com/godbus/dbus/v5
unused github.com/gofrs/flock
unused github.com/gogo/protobuf
unused github.com/golang/glog
unused github.com/golang/mock
unused github.com/golangci/check
unused github.com/golangci/dupl
unused github.com/golangci/go-misc
unused github.com/golangci/gofmt
unused github.com/golangci/golangci-lint
unused github.com/golangci/lint-1
unused github.com/golangci/maligned
unused github.com/golangci/misspell
unused github.com/golangci/revgrep
unused github.com/golangci/unconvert
unused github.com/google/gnostic-models
unused github.com/google/go-containerregistry
unused github.com/google/gofuzz
unused github.com/google/gopacket
unused github.com/google/goterm
unused github.com/google/rpmpack
unused github.com/google/subcommands
unused github.com/googleapis/enterprise-certificate-proxy
unused github.com/googleapis/gnostic
unused github.com/gordonklaus/ineffassign
unused github.com/goreleaser/chglog
unused github.com/goreleaser/fileglob
unused github.com/goreleaser/nfpm/v2
unused github.com/gorilla/csrf
unused github.com/gorilla/mux
unused github.com/gorilla/securecookie
unused github.com/gostaticanalysis/analysisutil
unused github.com/gostaticanalysis/comment
unused github.com/gostaticanalysis/forcetypeassert
unused github.com/gostaticanalysis/nilerr
unused github.com/hashicorp/errwrap
unused github.com/hashicorp/go-multierror
unused github.com/hashicorp/go-version
unused github.com/hashicorp/golang-lru
unused github.com/hashicorp/hcl
unused github.com/hdevalence/ed25519consensus
unused github.com/hexops/gotextdiff
unused github.com/huandu/xstrings
unused github.com/iancoleman/strcase
unused github.com/ianlancetaylor/demangle
unused github.com/illarion/gonotify
unused github.com/imdario/mergo
unused github.com/inconshreveable/mousetrap
unused github.com/insomniacslk/dhcp
unused github.com/jbenet/go-context
unused github.com/jgautheron/goconst
unused github.com/jingyugao/rowserrcheck
unused github.com/jinzhu/copier
unused github.com/jirfag/go-printf-func-name
unused github.com/jmespath/go-jmespath
unused github.com/jordanlewis/gcassert
unused github.com/josharian/intern
unused github.com/json-iterator/go
unused github.com/julz/importas
unused github.com/junk1tm/musttag
unused github.com/kardianos/osext
unused github.com/kballard/go-shellquote
unused github.com/keltia/proxy
unused github.com/keltia/ripe-atlas
unused github.com/kevinburke/ssh_config
unused github.com/kisielk/errcheck
unused github.com/kisielk/gotool
unused github.com/kkHAIKE/contextcheck
unused github.com/klauspost/pgzip
unused github.com/kortschak/wol
unused github.com/kr/fs
unused github.com/kr/pretty
unused github.com/kr/pty
unused github.com/kr/text
unused github.com/kulti/thelper
unused github.com/kunwardeep/paralleltest
unused github.com/kyoh86/exportloopref
unused github.com/ldez/gomoddirectives
unused github.com/ldez/tagliatelle
unused github.com/leonklingele/grouper
unused github.com/lufeee/execinquery
unused github.com/lufia/plan9stats
unused github.com/lxn/walk
unused github.com/lxn/win
unused github.com/magiconair/properties
unused github.com/mailru/easyjson
unused github.com/maratori/testableexamples
unused github.com/maratori/testpackage
unused github.com/matoous/godox
unused github.com/mattbaird/jsonpatch
unused github.com/mattn/go-colorable
unused github.com/mattn/go-isatty
unused github.com/mattn/go-runewidth
unused github.com/matttproud/golang_protobuf_extensions
unused github.com/mbilski/exhaustivestruct
unused github.com/mdlayher/genetlink
unused github.com/mdlayher/sdnotify
unused github.com/mgechev/revive
unused github.com/minio/crc64nvme
unused github.com/mitchellh/copystructure
unused github.com/mitchellh/go-homedir
unused github.com/mitchellh/go-ps
unused github.com/mitchellh/mapstructure
unused github.com/mitchellh/panicwrap
unused github.com/mitchellh/reflectwalk
unused github.com/moby/sys/capability
unused github.com/moby/sys/mountinfo
unused github.com/modern-go/concurrent
unused github.com/modern-go/reflect2
unused github.com/mohae/deepcopy
unused github.com/moricho/tparallel
unused github.com/munnerz/goautoneg
unused github.com/nakabonne/nestif
unused github.com/nbutton23/zxcvbn-go
unused github.com/nfnt/resize
unused github.com/nishanths/exhaustive
unused github.com/nishanths/predeclared
unused github.com/nunnatsa/ginkgolinter
unused github.com/olekukonko/tablewriter
unused github.com/onsi/ginkgo
unused github.com/onsi/gomega
unused github.com/opencontainers/go-digest
unused github.com/opencontainers/image-spec
unused github.com/opencontainers/runtime-spec
unused github.com/oschwald/geoip2-golang
unused github.com/patrickmn/go-cache
unused github.com/pebbe/zmq4
unused github.com/pelletier/go-toml/v2
unused github.com/peterbourgon/ff/v3
unused github.com/pierrec/lz4/v4
unused github.com/pion/transport/v3
unused github.com/pjbgf/sha1cd
unused github.com/pkg/diff
unused github.com/pkg/profile
unused github.com/pkg/sftp
unused github.com/planetscale/vtprotobuf
unused github.com/polyfloyd/go-errorlint
unused github.com/power-devops/perfstat
unused github.com/prometheus/client_golang
unused github.com/prometheus/client_model
unused github.com/prometheus/common
unused github.com/prometheus/procfs
unused github.com/quasilyte/go-ruleguard
unused github.com/quasilyte/gogrep
unused github.com/quasilyte/regex/syntax
unused github.com/quasilyte/stdinfo
unused github.com/riobard/go-bloom
unused github.com/rivo/uniseg
unused github.com/ryancurrah/gomodguard
unused github.com/ryanrolds/sqlclosecheck
unused github.com/ryanuber/go-glob
unused github.com/safchain/ethtool
unused github.com/sanposhiho/wastedassign/v2
unused github.com/sashamelentyev/interfacebloat
unused github.com/sashamelentyev/usestdlibvars
unused github.com/sclevine/agouti
unused github.com/securego/gosec/v2
unused github.com/sergi/go-diff
unused github.com/shazow/go-diff
unused github.com/shirou/gopsutil/v4
unused github.com/shoenig/go-m1cpu
unused github.com/shopspring/decimal
unused github.com/sivchari/containedctx
unused github.com/sivchari/nosnakecase
unused github.com/sivchari/tenv
unused github.com/skeema/knownhosts
unused github.com/skip2/go-qrcode
unused github.com/sonatard/noctx
unused github.com/sourcegraph/go-diff
unused github.com/spaolacci/murmur3
unused github.com/spf13/afero
unused github.com/spf13/cast
unused github.com/spf13/cobra
unused github.com/spf13/jwalterweatherman
unused github.com/spf13/pflag
unused github.com/spf13/viper
unused github.com/spiffe/go-spiffe/v2
unused github.com/ssgreg/nlreturn/v2
unused github.com/stbenjam/no-sprintf-host-port
unused github.com/stretchr/objx
unused github.com/stretchr/testify
unused github.com/subosito/gotenv
unused github.com/t-yuki/gocover-cobertura
unused github.com/tailscale/certstore
unused github.com/tailscale/depaware
unused github.com/tailscale/go-winio
unused github.com/tailscale/goexpect
unused github.com/tailscale/golang-x-crypto
unused github.com/tailscale/hujson
unused github.com/tailscale/mkctr
unused github.com/tailscale/web-client-prebuilt
unused github.com/tailscale/wireguard-go
unused github.com/tc-hib/winres
unused github.com/tcnksm/go-httpstat
unused github.com/tdakkota/asciicheck
unused github.com/tetafro/godot
unused github.com/things-go/go-socks5
unused github.com/timakin/bodyclose
unused github.com/timonwong/loggercheck
unused github.com/tklauser/go-sysconf
unused github.com/tklauser/numcpus
unused github.com/tomarrell/wrapcheck/v2
unused github.com/tommy-muehle/go-mnd/v2
unused github.com/toqueteos/webbrowser
unused github.com/twmb/murmur3
unused github.com/u-root/u-root
unused github.com/u-root/uio
unused github.com/ulikunitz/xz
unused github.com/ultraware/funlen
unused github.com/ultraware/whitespace
unused github.com/uudashr/gocognit
unused github.com/vbatts/tar-split
unused github.com/xanzy/ssh-agent
unused github.com/xyproto/randomstring
unused github.com/yagipy/maintidx
unused github.com/yeya24/promlinter
unused github.com/yuin/goldmark
unused github.com/yusufpapurcu/wmi
unused github.com/zeebo/blake3
unused gitlab.com/bosi/decorder
unused gitlab.com/digitalxero/go-conventional-commit
unused go.opencensus.io
unused go.opentelemetry.io/auto/sdk
unused go.opentelemetry.io/contrib/detectors/gcp
unused go.opentelemetry.io/otel
unused go.opentelemetry.io/otel/metric
unused go.opentelemetry.io/otel/sdk
unused go.opentelemetry.io/otel/sdk/metric
unused go.opentelemetry.io/otel/trace
unused go.uber.org/mock
unused go.uber.org/multierr
unused go.uber.org/zap
unused golang.org/x/exp/shiny
unused golang.org/x/exp/typeparams
unused golang.org/x/image
unused golang.org/x/oauth2
unused golang.org/x/telemetry
unused golang.org/x/term
unused golang.org/x/tools/go/expect
unused golang.org/x/tools/go/packages/packagestest
unused golang.org/x/xerrors
unused gomodules.xyz/jsonpatch/v2
unused gonum.org/v1/gonum
unused google.golang.org/api
unused google.golang.org/appengine
unused google.golang.org/genproto/googleapis/api
unused gopkg.in/check.v1
unused gopkg.in/inf.v0
unused gopkg.in/ini.v1
unused gopkg.in/square/go-jose.v2
unused gopkg.in/warnings.v0
unused gopkg.in/yaml.v3
unused h12.io/socks
unused honnef.co/go/tools
unused howett.net/plist
unused inet.af/peercred
unused inet.af/tcpproxy
unused inet.af/wf
unused k8s.io/api
unused k8s.io/apiextensions-apiserver
unused k8s.io/apimachinery
unused k8s.io/apiserver
unused k8s.io/client-go
unused k8s.io/component-base
unused k8s.io/klog/v2
unused k8s.io/kube-openapi
unused k8s.io/utils
unused mvdan.cc/gofumpt
unused mvdan.cc/interfacer
unused mvdan.cc/lint
unused mvdan.cc/unparam
unused nhooyr.io/websocket
unused sigs.k8s.io/controller-runtime
unused sigs.k8s.io/controller-tools
unused sigs.k8s.io/json
unused sigs.k8s.io/structured-merge-diff/v4
unused sigs.k8s.io/yaml
unused software.sslmate.com/src/go-pkcs12
internal/goarch
internal/unsafeheader
internal/byteorder
internal/cpu
internal/abi
internal/coverage/rtcov
internal/godebugs
internal/goexperiment
internal/goos
internal/profilerecord
internal/goarch
internal/unsafeheader
internal/byteorder
internal/runtime/syscall/linux
internal/unsafeheader
internal/byteorder
internal/goarch
internal/cpu
internal/cpu
internal/bytealg
internal/goarch
internal/coverage/rtcov
internal/unsafeheader
internal/byteorder
internal/coverage/rtcov
internal/abi
internal/abi
internal/cpu
internal/chacha8rand
internal/coverage/rtcov
internal/abi
internal/godebugs
internal/godebugs
internal/godebugs
internal/goexperiment
internal/goexperiment
internal/goexperiment
internal/runtime/atomic
internal/goos
internal/profilerecord
internal/goos
internal/goos
internal/bytealg
internal/chacha8rand
internal/profilerecord
internal/runtime/atomic
internal/profilerecord
internal/runtime/atomic
internal/runtime/syscall/linux
internal/runtime/syscall/linux
internal/runtime/atomic
internal/bytealg
math/bits
internal/bytealg
internal/runtime/gc
internal/chacha8rand
internal/chacha8rand
internal/runtime/syscall/linux
math/bits
internal/runtime/sys
math/bits
internal/runtime/exithook
internal/runtime/exithook
internal/strconv
math/bits
internal/runtime/gc
internal/runtime/gc
internal/strconv
internal/runtime/sys
internal/runtime/gc/scan
internal/asan
internal/runtime/exithook
internal/asan
internal/runtime/exithook
internal/runtime/sys
internal/strconv
internal/runtime/gc
internal/msan
internal/strconv
internal/asan
internal/msan
internal/runtime/gc/scan
internal/runtime/sys
internal/asan
internal/runtime/math
internal/msan
internal/runtime/gc/scan
internal/runtime/pprof/label
internal/runtime/math
internal/runtime/math
internal/msan
internal/runtime/pprof/label
internal/stringslite
internal/trace/tracev2
internal/runtime/pprof/label
internal/runtime/math
internal/runtime/gc/scan
internal/stringslite
internal/stringslite
internal/trace/tracev2
internal/trace/tracev2
internal/runtime/pprof/label
cmp
math
cmp
math
internal/stringslite
internal/race
unicode/utf8
cmp
unicode/utf8
math
internal/runtime/maps
internal/race
internal/trace/tracev2
unicode/utf8
internal/runtime/maps
internal/race
internal/runtime/maps
cmp
sync/atomic
internal/race
math
sync/atomic
unicode/utf8
internal/runtime/maps
sync/atomic
internal/runtime/cgroup
internal/sync
internal/runtime/cgroup
internal/sync
internal/runtime/cgroup
sync/atomic
internal/runtime/cgroup
internal/sync
internal/synctest
unicode
internal/synctest
log/internal
internal/synctest
internal/synctest
internal/sync
unicode
log/internal
unicode/utf16
unicode
unicode
unicode/utf16
encoding
log/internal
encoding
crypto/internal/fips140/alias
log/internal
unicode/utf16
crypto/internal/fips140deps/byteorder
unicode/utf16
crypto/internal/fips140/alias
crypto/internal/constanttime
crypto/internal/fips140deps/byteorder
crypto/internal/fips140deps/cpu
encoding
crypto/internal/constanttime
crypto/internal/boring/sig
encoding
container/list
crypto/internal/fips140deps/cpu
crypto/internal/fips140/alias
crypto/internal/fips140/alias
crypto/internal/boring/sig
vendor/golang.org/x/crypto/cryptobyte/asn1
crypto/internal/fips140deps/byteorder
crypto/internal/fips140deps/byteorder
vendor/golang.org/x/crypto/internal/alias
container/list
runtime
crypto/internal/fips140deps/cpu
vendor/golang.org/x/crypto/cryptobyte/asn1
internal/nettrace
crypto/internal/fips140deps/cpu
golang.org/x/crypto/internal/alias
crypto/internal/constanttime
vendor/golang.org/x/crypto/internal/alias
github.com/Psiphon-Labs/psiphon-tls/internal/boring/sig
crypto/internal/boring/sig
internal/nettrace
runtime
crypto/internal/constanttime
github.com/Psiphon-Labs/psiphon-tls/internal/fips140
github.com/Psiphon-Labs/psiphon-tls/internal/fips140/alias
crypto/internal/boring/sig
golang.org/x/crypto/internal/alias
github.com/Psiphon-Labs/psiphon-tls/internal/boring/sig
github.com/Psiphon-Labs/psiphon-tls/internal/fips140/check
crypto/internal/fips140/subtle
crypto/internal/fips140/subtle
runtime
github.com/Psiphon-Labs/psiphon-tls/internal/fips140
github.com/Psiphon-Labs/psiphon-tls/internal/constanttime
github.com/Psiphon-Labs/psiphon-tls/internal/fips140/alias
github.com/Psiphon-Labs/psiphon-tls/internal/fips140tls
golang.org/x/crypto/cryptobyte/asn1
runtime
container/list
container/list
github.com/Psiphon-Labs/psiphon-tls/internal/fips140/check
github.com/Psiphon-Labs/utls/dicttls
github.com/Psiphon-Labs/psiphon-tls/internal/constanttime
github.com/Psiphon-Labs/utls/internal/byteorder
github.com/Psiphon-Labs/psiphon-tls/internal/fips140tls
crypto/subtle
crypto/subtle
golang.org/x/crypto/cryptobyte/asn1
github.com/Psiphon-Labs/utls/dicttls
github.com/Psiphon-Labs/utls/internal/byteorder
github.com/Psiphon-Labs/utls/internal/fips140tls
github.com/klauspost/compress
vendor/golang.org/x/crypto/cryptobyte/asn1
vendor/golang.org/x/crypto/internal/alias
golang.org/x/net/internal/iana
vendor/golang.org/x/crypto/cryptobyte/asn1
vendor/golang.org/x/crypto/internal/alias
github.com/Psiphon-Labs/utls/internal/fips140tls
internal/nettrace
golang.org/x/crypto/internal/alias
golang.org/x/crypto/salsa20/salsa
github.com/Psiphon-Labs/psiphon-tunnel-core/psiphon/common/crypto/internal/subtle
github.com/Psiphon-Labs/psiphon-tls/internal/boring/sig
github.com/klauspost/compress
github.com/Psiphon-Labs/psiphon-tls/internal/fips140
internal/nettrace
github.com/Psiphon-Labs/covert-dtls/pkg/fingerprints
golang.org/x/crypto/internal/alias
github.com/Psiphon-Labs/psiphon-tls/internal/fips140/alias
github.com/Psiphon-Labs/psiphon-tls/internal/fips140/check
github.com/Psiphon-Labs/psiphon-tls/internal/constanttime
github.com/Psiphon-Labs/psiphon-tls/internal/boring/sig
github.com/Psiphon-Labs/psiphon-tls/internal/fips140tls
golang.org/x/net/internal/iana
github.com/Psiphon-Labs/psiphon-tls/internal/fips140
golang.org/x/crypto/cryptobyte/asn1
github.com/pion/dtls/v3/internal/ciphersuite/types
github.com/Psiphon-Labs/utls/dicttls
github.com/pion/dtls/v3/pkg/crypto/clientcertificate
github.com/Psiphon-Labs/pion-ice/v4/internal/atomic
github.com/Psiphon-Labs/utls/internal/byteorder
github.com/Psiphon-Labs/utls/internal/fips140tls
github.com/pion/interceptor/internal/sequencenumber
github.com/Psiphon-Labs/psiphon-tls/internal/fips140/alias
github.com/Psiphon-Labs/psiphon-tls/internal/fips140/check
golang.org/x/crypto/salsa20/salsa
github.com/klauspost/compress
github.com/Psiphon-Labs/psiphon-tunnel-core/psiphon/common/quic/gquic-go/quic-go-certificates
github.com/golang/groupcache/lru
github.com/cheekybits/genny/generic
github.com/Psiphon-Labs/psiphon-tls/internal/constanttime
github.com/Psiphon-Labs/quic-go/internal/utils/ringbuffer
github.com/Psiphon-Labs/psiphon-tls/internal/fips140tls
github.com/Psiphon-Labs/psiphon-tunnel-core/psiphon/common/crypto/internal/subtle
github.com/klauspost/compress/internal/cpuinfo
github.com/Psiphon-Labs/covert-dtls/pkg/fingerprints
log/slog/internal
github.com/klauspost/compress/internal/le
golang.zx2c4.com/wireguard/replay
tailscale.com/util/nocasemaps
golang.org/x/crypto/cryptobyte/asn1
tailscale.com/types/structs
github.com/Psiphon-Labs/utls/dicttls
golang.org/x/net/internal/iana
github.com/pion/dtls/v3/internal/ciphersuite/types
github.com/pion/dtls/v3/pkg/crypto/clientcertificate
golang.org/x/crypto/salsa20/salsa
tailscale.com/types/tkatype
tailscale.com/types/ptr
github.com/Psiphon-Labs/psiphon-tunnel-core/psiphon/common/crypto/internal/subtle
github.com/Psiphon-Labs/pion-ice/v4/internal/atomic
github.com/Psiphon-Labs/utls/internal/byteorder
github.com/pion/interceptor/internal/sequencenumber
tailscale.com/util/cmpx
google.golang.org/protobuf/internal/flags
github.com/Psiphon-Labs/psiphon-tunnel-core/psiphon/common/quic/gquic-go/quic-go-certificates
github.com/Psiphon-Labs/covert-dtls/pkg/fingerprints
google.golang.org/protobuf/internal/set
github.com/golang/groupcache/lru
github.com/cheekybits/genny/generic
github.com/Psiphon-Labs/utls/internal/fips140tls
github.com/xtls/xray-core/common/signal/semaphore
github.com/Psiphon-Labs/quic-go/internal/utils/ringbuffer
internal/goversion
log/slog/internal
internal/platform
github.com/pion/dtls/v3/internal/ciphersuite/types
golang.zx2c4.com/wireguard/replay
github.com/klauspost/compress
github.com/klauspost/compress/internal/le
internal/syslist
tailscale.com/util/nocasemaps
github.com/pion/dtls/v3/pkg/crypto/clientcertificate
tailscale.com/types/structs
github.com/sagernet/sing/common/x/constraints
tailscale.com/types/tkatype
golang.org/x/net/internal/iana
tailscale.com/types/ptr
github.com/pion/transport/v4/utils/xor
github.com/sagernet/sing/common/debug
tailscale.com/util/cmpx
github.com/Psiphon-Labs/pion-ice/v4/internal/atomic
google.golang.org/protobuf/internal/flags
golang.org/x/crypto/salsa20/salsa
github.com/pion/interceptor/internal/sequencenumber
google.golang.org/protobuf/internal/set
github.com/xtls/xray-core/common/signal/semaphore
github.com/Psiphon-Labs/psiphon-tunnel-core/psiphon/common/crypto/internal/subtle
github.com/Psiphon-Labs/psiphon-tunnel-core/psiphon/common/quic/gquic-go/quic-go-certificates
github.com/xtls/xray-core/common/bitmask
github.com/golang/groupcache/lru
github.com/Psiphon-Labs/covert-dtls/pkg/fingerprints
github.com/cheekybits/genny/generic
internal/goversion
google.golang.org/grpc/serviceconfig
internal/platform
github.com/pion/dtls/v3/internal/ciphersuite/types
internal/syslist
github.com/Psiphon-Labs/quic-go/internal/utils/ringbuffer
google.golang.org/grpc/encoding/internal
github.com/pion/dtls/v3/pkg/crypto/clientcertificate
github.com/apernet/quic-go/internal/utils/ringbuffer
log/slog/internal
github.com/refraction-networking/utls/dicttls
golang.zx2c4.com/wireguard/replay
github.com/sagernet/sing/common/x/constraints
github.com/refraction-networking/utls/internal/byteorder
github.com/pion/transport/v4/utils/xor
github.com/Psiphon-Labs/pion-ice/v4/internal/atomic
github.com/pion/interceptor/internal/sequencenumber
github.com/sagernet/sing/common/debug
tailscale.com/util/nocasemaps
github.com/xtls/xray-core/common/bitmask
tailscale.com/types/structs
github.com/refraction-networking/utls/internal/fips140tls
github.com/Psiphon-Labs/psiphon-tunnel-core/psiphon/common/quic/gquic-go/quic-go-certificates
github.com/golang/groupcache/lru
tailscale.com/types/tkatype
google.golang.org/grpc/serviceconfig
google.golang.org/grpc/encoding/internal
github.com/cheekybits/genny/generic
github.com/cloudflare/circl/sign/internal/dilithium/params
tailscale.com/types/ptr
tailscale.com/util/cmpx
github.com/apernet/quic-go/internal/utils/ringbuffer
google.golang.org/protobuf/internal/flags
github.com/cloudflare/circl/sign/internal/dilithium
github.com/refraction-networking/utls/dicttls
github.com/Psiphon-Labs/quic-go/internal/utils/ringbuffer
google.golang.org/protobuf/internal/set
github.com/xtls/xray-core/common/signal/semaphore
github.com/refraction-networking/utls/internal/byteorder
log/slog/internal
internal/goversion
internal/platform
golang.zx2c4.com/wireguard/replay
internal/syslist
tailscale.com/util/nocasemaps
github.com/refraction-networking/utls/internal/fips140tls
github.com/sagernet/sing/common/x/constraints
github.com/cloudflare/circl/sign/internal/dilithium/params
golang.org/x/exp/constraints
tailscale.com/types/structs
gvisor.dev/gvisor/pkg/gohacks
github.com/sagernet/sing/common/debug
github.com/cloudflare/circl/sign/internal/dilithium
tailscale.com/types/tkatype
gvisor.dev/gvisor/pkg/bits
github.com/xtls/xray-core/common/bitmask
gvisor.dev/gvisor/pkg/tcpip/seqnum
tailscale.com/types/ptr
google.golang.org/grpc/serviceconfig
tailscale.com/util/cmpx
google.golang.org/protobuf/internal/flags
google.golang.org/grpc/encoding/internal
golang.org/x/exp/constraints
google.golang.org/protobuf/internal/set
github.com/xtls/xray-core/common/signal/semaphore
github.com/apernet/quic-go/internal/utils/ringbuffer
gvisor.dev/gvisor/pkg/gohacks
gvisor.dev/gvisor/pkg/bits
github.com/refraction-networking/utls/dicttls
github.com/refraction-networking/utls/internal/byteorder
internal/goversion
gvisor.dev/gvisor/pkg/tcpip/seqnum
internal/platform
internal/syslist
github.com/refraction-networking/utls/internal/fips140tls
github.com/sagernet/sing/common/x/constraints
github.com/cloudflare/circl/sign/internal/dilithium/params
golang.org/x/exp/constraints
github.com/sagernet/sing/common/debug
gvisor.dev/gvisor/pkg/gohacks
gvisor.dev/gvisor/pkg/bits
gvisor.dev/gvisor/pkg/tcpip/seqnum
github.com/xtls/xray-core/common/bitmask
google.golang.org/grpc/serviceconfig
google.golang.org/grpc/encoding/internal
github.com/apernet/quic-go/internal/utils/ringbuffer
github.com/refraction-networking/utls/dicttls
github.com/refraction-networking/utls/internal/byteorder
github.com/refraction-networking/utls/internal/fips140tls
github.com/cloudflare/circl/sign/internal/dilithium/params
golang.org/x/exp/constraints
github.com/cloudflare/circl/sign/internal/dilithium
gvisor.dev/gvisor/pkg/gohacks
gvisor.dev/gvisor/pkg/bits
gvisor.dev/gvisor/pkg/tcpip/seqnum
iter
internal/reflectlite
sync
crypto/internal/fips140/subtle
slices
crypto/subtle
weak
maps
github.com/kamstrup/intmap
internal/bisect
internal/testlog
errors
sync
crypto/internal/fips140/subtle
iter
internal/reflectlite
slices
crypto/subtle
sort
weak
maps
strconv
github.com/pion/transport/v4/utils/xor
github.com/kamstrup/intmap
io
reflect
errors
sort
internal/testlog
internal/bisect
strconv
internal/oserror
path
internal/godebug
io
internal/oserror
syscall
path
reflect
internal/godebug
syscall
bytes
bytes
iter
sync
weak
internal/reflectlite
maps
slices
internal/reflectlite
iter
sync
weak
github.com/kamstrup/intmap
slices
maps
github.com/kamstrup/intmap
strings
strings
errors
sort
strconv
internal/oserror
path
internal/bisect
internal/testlog
errors
io
sort
strconv
bufio
internal/bisect
reflect
io
reflect
syscall
bufio
internal/godebug
internal/testlog
encoding/base64
internal/oserror
bytes
path
internal/godebug
hash
time
time
internal/syscall/unix
syscall
internal/syscall/unix
internal/syscall/execenv
hash/crc32
bytes
internal/syscall/execenv
strings
crypto/internal/fips140deps/godebug
encoding/base64
crypto/internal/fips140
hash
crypto/internal/fips140/sha256
hash/crc32
internal/fmtsort
encoding/binary
crypto/internal/fips140/sha3
strings
bufio
crypto/internal/fips140deps/godebug
crypto/internal/fips140
crypto/internal/fips140/sha256
crypto/internal/fips140/sha512
encoding/base64
crypto/internal/fips140/sha3
crypto/internal/fips140/hmac
crypto/internal/fips140/sha512
time
time
io/fs
crypto
internal/poll
internal/syscall/unix
internal/fmtsort
internal/syscall/unix
math/rand/v2
internal/syscall/execenv
crypto/internal/fips140/hmac
internal/syscall/execenv
bufio
internal/fmtsort
crypto/sha3
encoding/binary
io/fs
io/fs
internal/poll
internal/filepathlite
internal/filepathlite
internal/poll
io/fs
os
os
internal/fmtsort
internal/filepathlite
internal/poll
internal/filepathlite
os
os
fmt
fmt
context
context
encoding/binary
crypto/internal/fips140/check
context
encoding/base64
context
crypto/internal/fips140/check
runtime/cgo
runtime/cgo
crypto/internal/fips140/aes
crypto/internal/fips140/aes
runtime/cgo
hash
encoding/binary
hash/crc32
fmt
crypto/internal/fips140deps/time
crypto/internal/entropy/v1.0.0
hash
runtime/cgo
crypto/internal/fips140deps/time
fmt
crypto/internal/sysrand
hash/crc32
crypto/internal/entropy/v1.0.0
crypto/internal/fips140deps/godebug
crypto/fips140
crypto/internal/impl
crypto/internal/fips140/drbg
crypto/internal/fips140hash
crypto/internal/fips140
crypto/internal/sysrand
crypto/internal/randutil
crypto/internal/fips140deps/time
crypto/internal/fips140deps/godebug
math/rand
crypto/internal/entropy/v1.0.0
crypto/internal/fips140/sha256
crypto/internal/fips140
crypto/internal/fips140/aes/gcm
log
log
encoding/json
compress/flate
crypto/internal/impl
crypto/internal/fips140/sha256
encoding/json
crypto/internal/fips140/drbg
crypto/internal/fips140/sha3
crypto/internal/fips140/aes/gcm
crypto/internal/fips140/sha3
crypto/internal/fips140/sha512
compress/flate
crypto/internal/fips140/sha512
crypto/internal/sysrand
crypto/internal/fips140only
crypto
crypto/cipher
crypto/internal/fips140deps/time
crypto/sha3
crypto/internal/entropy/v1.0.0
crypto/fips140
crypto/internal/sysrand
crypto/internal/fips140/hmac
crypto/internal/fips140only
crypto/internal/fips140hash
math/rand/v2
log
encoding/json
crypto/cipher
compress/flate
math/rand
crypto/internal/fips140/hmac
crypto/internal/fips140/check
crypto/internal/boring
crypto/internal/fips140/aes
compress/gzip
crypto/internal/fips140/check
crypto/aes
crypto/fips140
crypto/hmac
crypto/md5
crypto/internal/fips140/aes
crypto/internal/randutil
log
compress/gzip
encoding/json
crypto
math/rand/v2
compress/flate
crypto/internal/boring
crypto/internal/rand
compress/gzip
math/big
crypto/aes
crypto/internal/impl
crypto/sha3
crypto/md5
crypto/internal/fips140/drbg
crypto/internal/fips140/drbg
crypto/fips140
crypto/internal/fips140/bigmod
crypto
crypto/sha3
crypto/internal/fips140hash
crypto/internal/fips140/aes/gcm
crypto/internal/fips140/aes/gcm
crypto/hmac
crypto/internal/randutil
math/rand
crypto/internal/rand
compress/gzip
crypto/internal/fips140only
crypto/internal/fips140hash
crypto/internal/fips140only
math/rand/v2
crypto/cipher
crypto/internal/impl
crypto/internal/fips140/rsa
golang.org/x/mobile/internal/mobileinit
crypto/cipher
crypto/md5
math/big
crypto/internal/fips140/bigmod
crypto/sha1
golang.org/x/mobile/internal/mobileinit
golang.org/x/mobile/internal/mobileinit
math/big
crypto/sha256
crypto/md5
crypto/internal/boring
crypto/des
crypto/sha1
golang.org/x/mobile/bind/seq
crypto/internal/boring
crypto/aes
crypto/internal/fips140/rsa
crypto/internal/fips140/nistec/fiat
crypto/hmac
crypto/internal/randutil
golang.org/x/mobile/bind/seq
crypto/internal/rand
crypto/aes
math/rand
crypto/hmac
crypto/internal/fips140/bigmod
crypto/sha256
crypto/des
golang.org/x/mobile/bind/seq
crypto/internal/fips140/nistec/fiat
crypto/sha1
crypto/internal/fips140/edwards25519/field
math/big
crypto/internal/rand
crypto/internal/fips140cache
crypto/sha256
crypto/internal/fips140/bigmod
crypto/internal/fips140/rsa
golang.org/x/mobile/internal/mobileinit
crypto/sha512
crypto/internal/fips140/edwards25519/field
internal/saferio
crypto/sha1
crypto/des
golang.org/x/mobile/bind/java
golang.org/x/mobile/bind/java
crypto/internal/fips140/nistec/fiat
crypto/internal/fips140/edwards25519
crypto/internal/fips140cache
crypto/sha256
crypto/sha512
crypto/internal/fips140/rsa
golang.org/x/mobile/bind/seq
golang.org/x/mobile/bind/java
crypto/internal/fips140/edwards25519/field
crypto/rand
internal/saferio
crypto/internal/fips140/edwards25519
crypto/internal/boring/bbig
crypto/des
crypto/internal/fips140/hkdf
crypto/internal/fips140cache
crypto/rsa
crypto/sha512
crypto/hkdf
crypto/internal/fips140/mlkem
internal/saferio
crypto/internal/fips140/edwards25519
crypto/internal/fips140/hkdf
crypto/internal/fips140/nistec/fiat
crypto/rand
crypto/hkdf
crypto/internal/fips140/mlkem
crypto/mlkem
encoding/asn1
crypto/internal/boring/bbig
vendor/golang.org/x/crypto/chacha20
crypto/internal/fips140/ed25519
crypto/internal/fips140/edwards25519/field
vendor/golang.org/x/crypto/internal/poly1305
crypto/ed25519
crypto/rsa
crypto/internal/fips140/ed25519
crypto/internal/fips140/hkdf
crypto/hkdf
crypto/internal/fips140/mlkem
crypto/internal/fips140/ed25519
vendor/golang.org/x/crypto/chacha20poly1305
crypto/internal/fips140/tls12
crypto/rand
crypto/mlkem
crypto/internal/boring/bbig
crypto/internal/fips140cache
encoding/asn1
vendor/golang.org/x/crypto/chacha20
crypto/rsa
vendor/golang.org/x/crypto/internal/poly1305
vendor/golang.org/x/crypto/cryptobyte
crypto/sha512
crypto/ed25519
golang.org/x/mobile/bind/java
internal/saferio
vendor/golang.org/x/sys/cpu
crypto/internal/fips140/tls12
vendor/golang.org/x/crypto/chacha20
crypto/internal/fips140/edwards25519
encoding/asn1
crypto/internal/fips140/tls13
crypto/internal/fips140/tls13
vendor/golang.org/x/crypto/chacha20poly1305
crypto/mlkem
vendor/golang.org/x/crypto/internal/poly1305
crypto/rc4
crypto/tls/internal/fips140tls
crypto/rc4
crypto/internal/fips140/hkdf
crypto/internal/fips140/tls12
encoding/hex
crypto/internal/fips140/tls13
crypto/tls/internal/fips140tls
vendor/golang.org/x/crypto/chacha20poly1305
crypto/rc4
crypto/hkdf
crypto/dsa
encoding/hex
crypto/internal/fips140/nistec
crypto/tls/internal/fips140tls
crypto/internal/fips140/mlkem
encoding/pem
crypto/dsa
crypto/internal/fips140/nistec
encoding/pem
encoding/hex
crypto/internal/fips140/ed25519
encoding/pem
crypto/rand
vendor/golang.org/x/crypto/cryptobyte
crypto/x509/pkix
vendor/golang.org/x/net/dns/dnsmessage
crypto/internal/boring/bbig
encoding/asn1
vendor/golang.org/x/net/dns/dnsmessage
crypto/x509/pkix
crypto/ed25519
crypto/rsa
internal/singleflight
crypto/ed25519
internal/singleflight
unique
unique
path/filepath
vendor/golang.org/x/crypto/cryptobyte
crypto/internal/fips140/nistec
crypto/internal/fips140/nistec
crypto/mlkem
path/filepath
vendor/golang.org/x/crypto/chacha20
crypto/dsa
net/netip
vendor/golang.org/x/net/dns/dnsmessage
github.com/Jigsaw-Code/outline-sdk/internal/slicepool
net/netip
golang.org/x/crypto/chacha20
vendor/golang.org/x/crypto/internal/poly1305
internal/singleflight
vendor/golang.org/x/crypto/cryptobyte
github.com/Jigsaw-Code/outline-sdk/internal/slicepool
crypto/x509/pkix
crypto/internal/fips140/tls12
crypto/internal/fips140/tls13
golang.org/x/crypto/chacha20
golang.org/x/crypto/internal/poly1305
crypto/rc4
vendor/golang.org/x/crypto/chacha20poly1305
golang.org/x/crypto/hkdf
golang.org/x/crypto/internal/poly1305
unique
golang.org/x/crypto/hkdf
crypto/tls/internal/fips140tls
crypto/dsa
golang.org/x/crypto/chacha20poly1305
flag
encoding/hex
flag
encoding/pem
golang.org/x/crypto/chacha20poly1305
internal/sysinfo
vendor/golang.org/x/net/dns/dnsmessage
crypto/x509/pkix
internal/singleflight
runtime/debug
internal/sysinfo
unique
path/filepath
path/filepath
runtime/debug
runtime/trace
runtime/trace
net/netip
github.com/Jigsaw-Code/outline-sdk/internal/slicepool
hash/fnv
crypto/internal/fips140/ecdh
net/url
testing
crypto/elliptic
github.com/Jigsaw-Code/outline-sdk/internal/slicepool
testing
crypto/internal/fips140/ecdsa
net/netip
golang.org/x/crypto/chacha20
crypto/ecdh
net/url
golang.org/x/crypto/internal/poly1305
golang.org/x/crypto/hkdf
golang.org/x/crypto/chacha20poly1305
flag
crypto/hpke
golang.org/x/crypto/chacha20
crypto/ecdsa
internal/sysinfo
crypto/internal/fips140/ecdh
hash/fnv
runtime/debug
crypto/ecdh
golang.org/x/crypto/internal/poly1305
crypto/elliptic
github.com/Psiphon-Labs/bolt
golang.org/x/sys/cpu
crypto/internal/fips140/ecdsa
golang.org/x/crypto/hkdf
crypto/internal/fips140/ecdh
crypto/internal/fips140/ecdh
crypto/elliptic
crypto/internal/fips140/ecdsa
crypto/hpke
flag
golang.org/x/crypto/chacha20poly1305
crypto/ecdh
crypto/ecdh
crypto/elliptic
crypto/ecdsa
net/url
net/url
crypto/internal/fips140/ecdsa
runtime/trace
crypto/ecdsa
internal/sysinfo
crypto/hpke
crypto/hpke
runtime/debug
crypto/ecdsa
github.com/Psiphon-Labs/bolt
net
runtime/trace
testing
hash/fnv
github.com/Psiphon-Labs/psiphon-tls/internal/boring
github.com/Psiphon-Labs/psiphon-tls/internal/fips140deps/byteorder
github.com/Psiphon-Labs/psiphon-tls/internal/fips140/subtle
testing
github.com/Psiphon-Labs/bolt
github.com/Psiphon-Labs/psiphon-tls/internal/fips140/aes
github.com/Psiphon-Labs/psiphon-tls/internal/boring
hash/fnv
github.com/Psiphon-Labs/psiphon-tls/internal/fips140deps/byteorder
github.com/Psiphon-Labs/psiphon-tls/internal/boring
net
github.com/Psiphon-Labs/psiphon-tls/internal/entropy
github.com/Psiphon-Labs/psiphon-tls/internal/fips140/subtle
github.com/Psiphon-Labs/psiphon-tls/internal/fips140deps/byteorder
github.com/Psiphon-Labs/psiphon-tls/internal/sysrand
net
github.com/Psiphon-Labs/psiphon-tls/internal/fips140/aes
github.com/Psiphon-Labs/psiphon-tls/internal/fips140/sha256
github.com/Psiphon-Labs/psiphon-tls/internal/fips140/subtle
github.com/Psiphon-Labs/psiphon-tls/internal/entropy
github.com/Psiphon-Labs/psiphon-tls/internal/sysrand
github.com/Psiphon-Labs/psiphon-tls/internal/fips140deps/cpu
github.com/Psiphon-Labs/psiphon-tls/internal/fips140/drbg
github.com/Psiphon-Labs/psiphon-tls/internal/fips140deps/godebug
github.com/Psiphon-Labs/psiphon-tls/internal/fips140/drbg
golang.org/x/sys/cpu
github.com/Psiphon-Labs/psiphon-tls/internal/impl
github.com/Psiphon-Labs/psiphon-tls/internal/fips140/aes
github.com/Psiphon-Labs/psiphon-tls/internal/fips140/aes/gcm
github.com/Psiphon-Labs/bolt
github.com/Psiphon-Labs/psiphon-tls/internal/fips140/aes/gcm
github.com/Psiphon-Labs/psiphon-tls/internal/fips140/sha256
github.com/Psiphon-Labs/psiphon-tls/internal/fips140deps/cpu
github.com/Psiphon-Labs/psiphon-tls/internal/fips140/sha3
net
golang.org/x/sys/cpu
github.com/Psiphon-Labs/psiphon-tls/internal/fips140/sha512
github.com/Psiphon-Labs/psiphon-tls/internal/boring
github.com/Psiphon-Labs/psiphon-tls/internal/fips140/sha512
github.com/Psiphon-Labs/psiphon-tls/internal/fips140deps/godebug
github.com/Psiphon-Labs/psiphon-tunnel-core/psiphon/common/crypto/Yawning/chacha20
github.com/Psiphon-Labs/psiphon-tunnel-core/psiphon/common/stacktrace
github.com/Psiphon-Labs/psiphon-tls/internal/fips140deps/cpu
github.com/Psiphon-Labs/psiphon-tunnel-core/psiphon/common/errors
github.com/Psiphon-Labs/psiphon-tls/internal/fips140/sha3
github.com/Psiphon-Labs/psiphon-tls/internal/fips140deps/godebug
github.com/Psiphon-Labs/psiphon-tls/internal/fips140deps/byteorder
github.com/Psiphon-Labs/psiphon-tunnel-core/psiphon/common/crypto/Yawning/chacha20
github.com/Psiphon-Labs/psiphon-tls/internal/entropy
github.com/Psiphon-Labs/psiphon-tls/internal/fips140/hmac
golang.org/x/crypto/cryptobyte
github.com/Psiphon-Labs/psiphon-tls/internal/sysrand
github.com/Psiphon-Labs/psiphon-tunnel-core/psiphon/common/stacktrace
github.com/Psiphon-Labs/psiphon-tls/internal/fips140/drbg
github.com/Psiphon-Labs/psiphon-tunnel-core/psiphon/common/errors
github.com/Psiphon-Labs/psiphon-tls/internal/fips140/subtle
github.com/Psiphon-Labs/psiphon-tls/internal/fips140/tls12
github.com/Psiphon-Labs/psiphon-tls/internal/fips140/sha256
github.com/Psiphon-Labs/psiphon-tunnel-core/psiphon/common/prng
github.com/Psiphon-Labs/psiphon-tls/internal/fips140/hkdf
golang.org/x/crypto/cryptobyte
golang.org/x/sys/cpu
github.com/Psiphon-Labs/psiphon-tls/internal/fips140/aes/gcm
github.com/Psiphon-Labs/psiphon-tls/internal/fips140/tls13
github.com/Psiphon-Labs/psiphon-tunnel-core/psiphon/common/prng
github.com/Psiphon-Labs/psiphon-tls/internal/fips140/hmac
hash/adler32
github.com/Psiphon-Labs/psiphon-tunnel-core/psiphon/common/monotime
github.com/Psiphon-Labs/psiphon-tls/internal/fips140/sha3
hash/adler32
compress/zlib
github.com/Psiphon-Labs/psiphon-tls/internal/fips140/tls12
compress/zlib
github.com/Psiphon-Labs/psiphon-tunnel-core/psiphon/common/monotime
github.com/Psiphon-Labs/psiphon-tls/internal/fips140/hkdf
github.com/Psiphon-Labs/psiphon-tunnel-core/psiphon/common/wildcard
github.com/Psiphon-Labs/utls/internal/boring
github.com/Psiphon-Labs/psiphon-tunnel-core/psiphon/common/wildcard
github.com/Psiphon-Labs/utls/internal/boring
github.com/Psiphon-Labs/utls/internal/hkdf
github.com/Psiphon-Labs/psiphon-tls/internal/fips140/tls13
github.com/Psiphon-Labs/utls/internal/quicvarint/protocol
github.com/Psiphon-Labs/utls/internal/helper
github.com/Psiphon-Labs/utls/internal/hpke
github.com/Psiphon-Labs/psiphon-tls/internal/fips140deps/cpu
github.com/Psiphon-Labs/utls/internal/hkdf
github.com/Psiphon-Labs/utls/internal/quicvarint
github.com/Psiphon-Labs/utls/internal/hpke
github.com/Psiphon-Labs/utls/internal/quicvarint/protocol
github.com/Psiphon-Labs/psiphon-tls/internal/fips140/sha512
github.com/Psiphon-Labs/psiphon-tunnel-core/psiphon/common/crypto/Yawning/chacha20
github.com/Psiphon-Labs/psiphon-tls/internal/fips140deps/godebug
github.com/Psiphon-Labs/utls/internal/tls12
github.com/Psiphon-Labs/psiphon-tls/internal/impl
github.com/Psiphon-Labs/utls/internal/quicvarint
github.com/Psiphon-Labs/utls/internal/tls12
github.com/Psiphon-Labs/utls/internal/tls13
github.com/Psiphon-Labs/psiphon-tls/internal/entropy
github.com/Psiphon-Labs/utls/internal/tls13
github.com/Psiphon-Labs/psiphon-tls/internal/fips140/aes
github.com/andybalholm/brotli/matchfinder
github.com/andybalholm/brotli/matchfinder
github.com/Psiphon-Labs/psiphon-tls/internal/sysrand
vendor/golang.org/x/text/transform
vendor/golang.org/x/text/transform
vendor/golang.org/x/text/unicode/bidi
github.com/Psiphon-Labs/utls/internal/helper
github.com/Psiphon-Labs/psiphon-tls/internal/fips140/hmac
github.com/Psiphon-Labs/psiphon-tls/internal/fips140/sha256
github.com/Psiphon-Labs/psiphon-tls/internal/fips140/sha3
vendor/golang.org/x/text/unicode/bidi
github.com/Psiphon-Labs/psiphon-tunnel-core/psiphon/common/stacktrace
github.com/Psiphon-Labs/psiphon-tls/internal/fips140/tls12
vendor/golang.org/x/text/unicode/norm
vendor/golang.org/x/net/http2/hpack
github.com/Psiphon-Labs/psiphon-tls/internal/fips140/hkdf
vendor/golang.org/x/net/http2/hpack
vendor/golang.org/x/text/unicode/norm
github.com/Psiphon-Labs/psiphon-tunnel-core/psiphon/common/errors
github.com/Psiphon-Labs/psiphon-tls/internal/fips140/drbg
github.com/Psiphon-Labs/psiphon-tls/internal/fips140/tls13
github.com/Psiphon-Labs/psiphon-tls/internal/fips140/sha512
github.com/Psiphon-Labs/psiphon-tunnel-core/psiphon/common/prng
github.com/Psiphon-Labs/psiphon-tunnel-core/psiphon/common/crypto/Yawning/chacha20
github.com/Psiphon-Labs/psiphon-tls/internal/fips140/aes/gcm
golang.org/x/crypto/cryptobyte
hash/adler32
mime
github.com/Psiphon-Labs/psiphon-tunnel-core/psiphon/common/monotime
mime
compress/zlib
github.com/Psiphon-Labs/psiphon-tls/internal/fips140/hmac
github.com/Psiphon-Labs/psiphon-tunnel-core/psiphon/common/wildcard
vendor/golang.org/x/text/secure/bidirule
github.com/Psiphon-Labs/utls/internal/boring
github.com/Psiphon-Labs/utls/internal/hkdf
github.com/Psiphon-Labs/psiphon-tunnel-core/psiphon/common/stacktrace
github.com/Psiphon-Labs/utls/internal/quicvarint/protocol
github.com/Psiphon-Labs/utls/internal/hpke
github.com/Psiphon-Labs/psiphon-tls/internal/fips140/tls12
mime/quotedprintable
github.com/Psiphon-Labs/psiphon-tls/internal/fips140/hkdf
github.com/Psiphon-Labs/utls/internal/quicvarint
github.com/Psiphon-Labs/psiphon-tunnel-core/psiphon/common/errors
net/http/internal
github.com/Psiphon-Labs/psiphon-tls/internal/fips140/tls13
github.com/Psiphon-Labs/utls/internal/tls12
github.com/Psiphon-Labs/utls/internal/tls13
github.com/Psiphon-Labs/psiphon-tunnel-core/psiphon/common/prng
github.com/Psiphon-Labs/utls/internal/helper
vendor/golang.org/x/text/secure/bidirule
golang.org/x/crypto/cryptobyte
github.com/andybalholm/brotli/matchfinder
vendor/golang.org/x/text/transform
hash/adler32
net/http/internal/ascii
vendor/golang.org/x/text/unicode/bidi
mime/quotedprintable
github.com/klauspost/compress/fse
compress/zlib
github.com/Psiphon-Labs/psiphon-tunnel-core/psiphon/common/monotime
vendor/golang.org/x/net/http2/hpack
vendor/golang.org/x/text/unicode/norm
net/http/internal
github.com/Psiphon-Labs/psiphon-tunnel-core/psiphon/common/wildcard
github.com/Psiphon-Labs/utls/internal/boring
github.com/Psiphon-Labs/utls/internal/hkdf
github.com/Psiphon-Labs/utls/internal/quicvarint/protocol
net/http/internal/ascii
github.com/Psiphon-Labs/utls/internal/hpke
github.com/klauspost/compress/fse
github.com/Psiphon-Labs/utls/internal/quicvarint
github.com/Psiphon-Labs/utls/internal/helper
github.com/klauspost/compress/internal/le
mime
github.com/klauspost/compress/internal/snapref
github.com/Psiphon-Labs/utls/internal/tls12
github.com/Psiphon-Labs/utls/internal/tls13
github.com/klauspost/compress/huff0
github.com/klauspost/compress/internal/le
vendor/golang.org/x/text/secure/bidirule
github.com/andybalholm/brotli/matchfinder
vendor/golang.org/x/text/transform
github.com/klauspost/compress/zstd/internal/xxhash
github.com/klauspost/compress/internal/snapref
mime/quotedprintable
vendor/golang.org/x/text/unicode/bidi
vendor/golang.org/x/net/idna
vendor/golang.org/x/text/unicode/norm
golang.org/x/crypto/sha3
net/http/internal
vendor/golang.org/x/net/http2/hpack
github.com/klauspost/compress/zstd/internal/xxhash
github.com/klauspost/compress/huff0
crypto/x509
vendor/golang.org/x/net/idna
net/http/internal/ascii
golang.org/x/crypto/sha3
github.com/klauspost/compress/fse
github.com/Jigsaw-Code/outline-sdk/transport
mime
github.com/shadowsocks/go-shadowsocks2/socks
vendor/golang.org/x/text/secure/bidirule
net/textproto
mime/quotedprintable
github.com/klauspost/compress/internal/snapref
encoding/base32
github.com/Jigsaw-Code/outline-sdk/transport/shadowsocks
vendor/golang.org/x/net/http/httpproxy
crypto/x509
github.com/klauspost/compress/zstd
net/http/internal
net/http/internal/ascii
golang.org/x/net/bpf
github.com/Jigsaw-Code/outline-sdk/transport
github.com/klauspost/compress/fse
vendor/golang.org/x/net/http/httpguts
crypto/x509
github.com/shadowsocks/go-shadowsocks2/socks
mime/multipart
vendor/golang.org/x/net/idna
encoding/base32
net/textproto
github.com/klauspost/compress/huff0
github.com/Jigsaw-Code/outline-sdk/transport
github.com/shadowsocks/go-shadowsocks2/socks
net/textproto
crypto/x509
golang.org/x/net/bpf
golang.org/x/sys/unix
vendor/golang.org/x/net/http/httpproxy
github.com/Jigsaw-Code/outline-sdk/transport/shadowsocks
github.com/Jigsaw-Code/outline-sdk/transport
mime/multipart
github.com/Jigsaw-Code/outline-sdk/transport/shadowsocks
github.com/klauspost/compress/zstd
github.com/syndtr/gocapability/capability
github.com/shadowsocks/go-shadowsocks2/socks
vendor/golang.org/x/net/http/httpguts
mime/multipart
vendor/golang.org/x/net/idna
github.com/klauspost/compress/huff0
net/textproto
golang.org/x/time/rate
github.com/Jigsaw-Code/outline-sdk/transport/shadowsocks
vendor/golang.org/x/net/http/httpguts
hash/crc64
vendor/golang.org/x/net/http/httpproxy
golang.org/x/sys/unix
github.com/klauspost/compress/zstd/internal/xxhash
io/ioutil
golang.org/x/crypto/sha3
github.com/klauspost/compress/internal/snapref
encoding/base32
mime/multipart
os/exec
github.com/syndtr/gocapability/capability
golang.org/x/net/bpf
github.com/klauspost/compress/zstd/internal/xxhash
golang.org/x/sys/unix
github.com/klauspost/compress/zstd
github.com/klauspost/compress/zstd
golang.org/x/time/rate
regexp/syntax
vendor/golang.org/x/net/http/httpguts
github.com/syndtr/gocapability/capability
hash/crc64
vendor/golang.org/x/net/http/httpproxy
golang.org/x/crypto/sha3
io/ioutil
os/exec
encoding/base32
crypto/tls
golang.org/x/time/rate
golang.org/x/net/bpf
golang.org/x/sys/unix
hash/crc64
crypto/tls
io/ioutil
regexp/syntax
github.com/syndtr/gocapability/capability
text/tabwriter
os/exec
crypto/tls
runtime/pprof
regexp
crypto/tls
golang.org/x/time/rate
regexp/syntax
hash/crc64
io/ioutil
regexp
os/exec
text/tabwriter
encoding/gob
golang.org/x/net/internal/socket
runtime/pprof
github.com/Psiphon-Labs/psiphon-tunnel-core/psiphon/common/regen
regexp/syntax
encoding/gob
regexp
golang.org/x/net/internal/socket
golang.org/x/net/ipv4
golang.org/x/net/ipv6
text/tabwriter
text/tabwriter
golang.org/x/net/ipv4
runtime/pprof
golang.org/x/net/ipv6
runtime/pprof
golang.org/x/net/internal/socket
golang.org/x/crypto/nacl/secretbox
encoding/gob
github.com/Psiphon-Labs/psiphon-tunnel-core/psiphon/common/crypto/internal/poly1305
golang.org/x/crypto/blowfish
regexp
github.com/Psiphon-Labs/psiphon-tunnel-core/psiphon/common/crypto/ssh/internal/bcrypt_pbkdf
golang.org/x/crypto/curve25519
github.com/Psiphon-Labs/psiphon-tunnel-core/psiphon/common/crypto/nacl/secretbox
github.com/Psiphon-Labs/psiphon-tunnel-core/psiphon/common/sss
github.com/x448/float16
github.com/fxamacker/cbor/v2
golang.org/x/net/ipv4
filippo.io/edwards25519/field
github.com/Psiphon-Labs/psiphon-tunnel-core/psiphon/common/regen
golang.org/x/crypto/nacl/secretbox
github.com/Psiphon-Labs/psiphon-tunnel-core/psiphon/common/crypto/internal/poly1305
golang.org/x/net/internal/socket
filippo.io/edwards25519
golang.org/x/crypto/blowfish
golang.org/x/crypto/curve25519
github.com/Psiphon-Labs/psiphon-tunnel-core/psiphon/common/crypto/nacl/secretbox
encoding/gob
github.com/Psiphon-Labs/psiphon-tunnel-core/psiphon/common/crypto/ssh/internal/bcrypt_pbkdf
github.com/Psiphon-Labs/psiphon-tunnel-core/psiphon/common/values
github.com/Psiphon-Labs/psiphon-tunnel-core/psiphon/common/sss
github.com/x448/float16
github.com/Psiphon-Labs/psiphon-tunnel-core/psiphon/common/regen
filippo.io/edwards25519/field
github.com/fxamacker/cbor/v2
golang.org/x/net/ipv6
golang.org/x/net/ipv4
github.com/Psiphon-Labs/psiphon-tunnel-core/psiphon/common/values
github.com/Psiphon-Labs/psiphon-tunnel-core/psiphon/common/buildinfo
github.com/cognusion/go-cache-lru
golang.org/x/net/ipv6
github.com/cognusion/go-cache-lru
github.com/Psiphon-Labs/psiphon-tunnel-core/psiphon/common/regen
github.com/Psiphon-Labs/consistent
github.com/Psiphon-Labs/psiphon-tunnel-core/psiphon/common/buildinfo
filippo.io/edwards25519
github.com/pion/dtls/v3/internal/util
golang.org/x/crypto/nacl/secretbox
github.com/pion/dtls/v3/pkg/crypto/ccm
github.com/Psiphon-Labs/psiphon-tunnel-core/psiphon/common/crypto/internal/poly1305
github.com/pion/dtls/v3/pkg/crypto/elliptic
golang.org/x/crypto/blowfish
github.com/pion/dtls/v3/pkg/protocol
golang.org/x/crypto/curve25519
github.com/Psiphon-Labs/psiphon-tunnel-core/psiphon/common/crypto/nacl/secretbox
github.com/Psiphon-Labs/psiphon-tunnel-core/psiphon/common/crypto/ssh/internal/bcrypt_pbkdf
github.com/Psiphon-Labs/psiphon-tunnel-core/psiphon/common/values
github.com/pion/dtls/v3/pkg/crypto/prf
github.com/Psiphon-Labs/psiphon-tunnel-core/psiphon/common/sss
github.com/x448/float16
github.com/pion/dtls/v3/pkg/protocol/alert
github.com/cognusion/go-cache-lru
github.com/fxamacker/cbor/v2
github.com/pion/dtls/v3/pkg/crypto/hash
github.com/pion/dtls/v3/internal/closer
github.com/pion/dtls/v3/pkg/crypto/signature
github.com/pion/transport/v4/deadline
github.com/Psiphon-Labs/psiphon-tls
net/http/httptrace
github.com/Psiphon-Labs/consistent
golang.org/x/crypto/nacl/secretbox
github.com/Psiphon-Labs/psiphon-tunnel-core/psiphon/common/buildinfo
github.com/Psiphon-Labs/psiphon-tunnel-core/psiphon/common/crypto/internal/poly1305
github.com/miekg/dns
github.com/pion/dtls/v3/internal/util
filippo.io/edwards25519/field
golang.org/x/crypto/blowfish
net/http/internal/httpcommon
github.com/pion/dtls/v3/pkg/crypto/ccm
github.com/Psiphon-Labs/psiphon-tls
net/http/httptrace
golang.org/x/crypto/curve25519
github.com/Psiphon-Labs/psiphon-tunnel-core/psiphon/common/crypto/ssh/internal/bcrypt_pbkdf
github.com/miekg/dns
github.com/Psiphon-Labs/psiphon-tunnel-core/psiphon/common/crypto/nacl/secretbox
filippo.io/edwards25519
net/http/internal/httpcommon
github.com/Psiphon-Labs/psiphon-tunnel-core/psiphon/common/sss
net/http
github.com/x448/float16
filippo.io/edwards25519/field
github.com/Psiphon-Labs/consistent
github.com/fxamacker/cbor/v2
net/http
filippo.io/edwards25519
github.com/Psiphon-Labs/psiphon-tls
net/http/httptrace
github.com/Psiphon-Labs/psiphon-tunnel-core/psiphon/common/accesscontrol
github.com/Psiphon-Labs/psiphon-tunnel-core/psiphon/common/values
github.com/miekg/dns
net/http/internal/httpcommon
github.com/Psiphon-Labs/psiphon-tunnel-core/psiphon/common/buildinfo
github.com/pion/dtls/v3/pkg/crypto/signaturehash
github.com/cognusion/go-cache-lru
github.com/pion/dtls/v3/pkg/protocol/extension
net/http
github.com/Psiphon-Labs/consistent
github.com/Psiphon-Labs/psiphon-tunnel-core/psiphon/common/accesscontrol
github.com/Psiphon-Labs/psiphon-tls
net/http/httptrace
github.com/pion/dtls/v3/pkg/crypto/elliptic
github.com/pion/dtls/v3/pkg/protocol/handshake
github.com/pion/dtls/v3/pkg/protocol
net/http/internal/httpcommon
github.com/pion/dtls/v3/pkg/crypto/prf
github.com/miekg/dns
github.com/pion/dtls/v3/pkg/protocol/alert
github.com/pion/dtls/v3/pkg/crypto/hash
net/http
github.com/pion/dtls/v3/pkg/crypto/signature
github.com/pion/dtls/v3/pkg/protocol/recordlayer
github.com/pion/dtls/v3/pkg/crypto/signaturehash
github.com/Psiphon-Labs/psiphon-tunnel-core/psiphon/common/accesscontrol
github.com/pion/dtls/v3/pkg/crypto/ciphersuite
github.com/pion/dtls/v3/pkg/protocol/extension
github.com/pion/dtls/v3/internal/util
github.com/Psiphon-Labs/psiphon-tunnel-core/psiphon/common/accesscontrol
github.com/pion/dtls/v3/pkg/crypto/ccm
github.com/pion/dtls/v3/internal/ciphersuite
github.com/pion/dtls/v3/pkg/crypto/elliptic
github.com/pion/dtls/v3/internal/util
github.com/pion/dtls/v3/pkg/protocol
github.com/pion/dtls/v3/pkg/crypto/ccm
github.com/pion/dtls/v3/pkg/crypto/prf
github.com/pion/dtls/v3/pkg/crypto/elliptic
github.com/pion/dtls/v3/internal/net
github.com/pion/dtls/v3/pkg/protocol/handshake
github.com/pion/dtls/v3/pkg/protocol/alert
github.com/pion/dtls/v3/pkg/protocol
github.com/pion/dtls/v3/pkg/net
github.com/pion/dtls/v3/pkg/crypto/hash
github.com/pion/dtls/v3/pkg/crypto/prf
github.com/pion/dtls/v3/pkg/protocol/alert
github.com/pion/dtls/v3/internal/net/udp
github.com/pion/dtls/v3/pkg/crypto/signature
github.com/pion/dtls/v3/pkg/crypto/signaturehash
github.com/pion/dtls/v3/pkg/crypto/hash
github.com/pion/logging
github.com/pion/dtls/v3/pkg/protocol/extension
github.com/pion/dtls/v3/pkg/crypto/signature
github.com/pion/dtls/v3/pkg/crypto/signaturehash
github.com/pion/transport/v4/netctx
github.com/pion/dtls/v3/pkg/protocol/recordlayer
github.com/pion/transport/v4/replaydetector
github.com/pion/dtls/v3/pkg/protocol/extension
github.com/pion/dtls/v3
github.com/pion/dtls/v3/pkg/crypto/ciphersuite
github.com/pion/dtls/v3/pkg/protocol/handshake
github.com/pion/dtls/v3/internal/ciphersuite
github.com/pion/dtls/v3/pkg/protocol/handshake
github.com/pion/dtls/v3/pkg/protocol/recordlayer
github.com/pion/dtls/v3/internal/closer
github.com/pion/transport/v4/deadline
github.com/pion/dtls/v3/internal/net
github.com/pion/dtls/v3/pkg/crypto/ciphersuite
github.com/pion/dtls/v3/pkg/protocol/recordlayer
github.com/pion/dtls/v3/pkg/net
github.com/pion/dtls/v3/internal/net/udp
github.com/pion/dtls/v3/pkg/crypto/ciphersuite
github.com/pion/dtls/v3/internal/ciphersuite
github.com/pion/logging
github.com/pion/transport/v4/netctx
github.com/pion/dtls/v3/internal/ciphersuite
github.com/pion/dtls/v3/internal/closer
github.com/pion/transport/v4/replaydetector
github.com/pion/transport/v4/deadline
github.com/pion/dtls/v3
github.com/pion/dtls/v3/internal/net
github.com/pion/dtls/v3/pkg/net
github.com/pion/dtls/v3/internal/closer
github.com/pion/dtls/v3/internal/net/udp
github.com/pion/transport/v4/deadline
github.com/pion/dtls/v3/internal/net
github.com/Psiphon-Labs/covert-dtls/pkg/utils
github.com/pion/logging
github.com/pion/dtls/v3/pkg/net
github.com/Psiphon-Labs/covert-dtls/pkg/mimicry
github.com/pion/dtls/v3/internal/net/udp
github.com/pion/transport/v4/netctx
github.com/Psiphon-Labs/covert-dtls/pkg/randomize
github.com/pion/transport/v4/replaydetector
github.com/Psiphon-Labs/pion-ice/v4/internal/fakenet
github.com/pion/logging
github.com/Psiphon-Labs/pion-ice/v4/internal/fakenet
github.com/Psiphon-Labs/pion-ice/v4/internal/netutil
github.com/Psiphon-Labs/pion-ice/v4/internal/netutil
github.com/pion/stun/v3/internal/hmac
github.com/pion/dtls/v3
github.com/pion/stun/v3/internal/hmac
github.com/Psiphon-Labs/pion-ice/v4/internal/fakenet
github.com/pion/transport/v4
github.com/pion/transport/v4
github.com/Psiphon-Labs/pion-ice/v4/internal/netutil
github.com/pion/transport/v4/netctx
github.com/pion/stun/v3/internal/hmac
github.com/pion/transport/v4/utils/xor
github.com/pion/transport/v4
github.com/Psiphon-Labs/pion-ice/v4/internal/taskloop
github.com/pion/transport/v4/replaydetector
database/sql/driver
github.com/pion/dtls/v3
github.com/wlynxg/anet
github.com/wlynxg/anet
github.com/google/uuid
github.com/wlynxg/anet
github.com/pion/transport/v4/stdnet
golang.org/x/net/dns/dnsmessage
github.com/pion/randutil
github.com/Psiphon-Labs/covert-dtls/pkg/utils
github.com/pion/transport/v4/packetio
github.com/pion/transport/v4/stdnet
github.com/pion/transport/v4/vnet
github.com/pion/stun/v3
github.com/Psiphon-Labs/covert-dtls/pkg/mimicry
github.com/pion/transport/v4/stdnet
github.com/pion/stun/v3
github.com/Psiphon-Labs/covert-dtls/pkg/randomize
github.com/Psiphon-Labs/pion-ice/v4/internal/taskloop
github.com/Psiphon-Labs/pion-ice/v4/internal/taskloop
database/sql/driver
database/sql/driver
golang.org/x/net/dns/dnsmessage
github.com/Psiphon-Labs/pion-ice/v4/internal/fakenet
github.com/Psiphon-Labs/pion-ice/v4/internal/netutil
github.com/pion/stun/v3/internal/hmac
github.com/google/uuid
github.com/google/uuid
github.com/pion/mdns/v2
github.com/pion/transport/v4
golang.org/x/net/dns/dnsmessage
github.com/Psiphon-Labs/covert-dtls/pkg/utils
github.com/pion/stun/v3
github.com/Psiphon-Labs/covert-dtls/pkg/mimicry
github.com/pion/randutil
github.com/Psiphon-Labs/pion-ice/v4/internal/stun
github.com/pion/transport/v4/packetio
github.com/pion/transport/v4/vnet
github.com/Psiphon-Labs/pion-ice/v4/internal/stun
github.com/Psiphon-Labs/covert-dtls/pkg/randomize
github.com/pion/mdns/v2
github.com/pion/turn/v4/internal/ipnet
github.com/Psiphon-Labs/covert-dtls/pkg/utils
github.com/pion/turn/v4/internal/ipnet
github.com/pion/turn/v4/internal/proto
github.com/pion/turn/v4/internal/proto
github.com/pion/randutil
golang.org/x/net/internal/socks
github.com/pion/transport/v4/packetio
github.com/Psiphon-Labs/covert-dtls/pkg/mimicry
github.com/Psiphon-Labs/pion-webrtc/v4/internal/fmtp
github.com/Psiphon-Labs/covert-dtls/pkg/randomize
github.com/pion/transport/v4/vnet
github.com/wader/filtertransport
github.com/andybalholm/brotli
github.com/Psiphon-Labs/pion-webrtc/v4/internal/util
github.com/pion/turn/v4/internal/allocation
github.com/pion/turn/v4/internal/allocation
github.com/pion/turn/v4/internal/client
golang.org/x/net/proxy
github.com/pion/turn/v4/internal/client
github.com/wlynxg/anet
github.com/pion/mdns/v2
github.com/Psiphon-Labs/pion-ice/v4/internal/taskloop
github.com/pion/turn/v4/internal/server
database/sql/driver
github.com/pion/rtp/codecs/av1/obu
github.com/pion/turn/v4/internal/server
github.com/andybalholm/brotli
github.com/wader/filtertransport
github.com/Psiphon-Labs/pion-ice/v4/internal/stun
golang.org/x/net/internal/socks
github.com/pion/turn/v4/internal/ipnet
github.com/pion/transport/v4/stdnet
github.com/pion/rtp
github.com/pion/turn/v4/internal/proto
golang.org/x/net/internal/socks
github.com/google/uuid
github.com/Psiphon-Labs/pion-webrtc/v4/pkg/rtcerr
golang.org/x/net/proxy
github.com/pion/sctp
github.com/pion/turn/v4
golang.org/x/net/dns/dnsmessage
github.com/pion/turn/v4
github.com/pion/stun/v3
golang.org/x/net/proxy
github.com/Psiphon-Labs/pion-webrtc/v4/internal/fmtp
github.com/Psiphon-Labs/pion-webrtc/v4/internal/fmtp
github.com/pion/turn/v4/internal/allocation
github.com/Psiphon-Labs/pion-webrtc/v4/internal/util
github.com/pion/rtp/codecs/av1/obu
github.com/Psiphon-Labs/pion-webrtc/v4/pkg/rtcerr
github.com/pion/randutil
github.com/pion/turn/v4/internal/client
github.com/pion/rtp
github.com/pion/sctp
github.com/Psiphon-Labs/pion-webrtc/v4/internal/util
github.com/pion/transport/v4/packetio
github.com/pion/rtp/codecs/av1/obu
github.com/Psiphon-Labs/pion-ice/v4
github.com/pion/rtp
github.com/Psiphon-Labs/pion-webrtc/v4/pkg/media
github.com/pion/turn/v4/internal/server
github.com/pion/transport/v4/vnet
github.com/pion/dtls/v3/pkg/crypto/fingerprint
github.com/pion/rtcp
github.com/Psiphon-Labs/pion-ice/v4
github.com/pion/mdns/v2
github.com/andybalholm/brotli
github.com/Psiphon-Labs/pion-webrtc/v4/pkg/media
github.com/wader/filtertransport
github.com/pion/dtls/v3/pkg/crypto/fingerprint
github.com/Psiphon-Labs/pion-webrtc/v4/pkg/media
github.com/Psiphon-Labs/pion-webrtc/v4/pkg/rtcerr
github.com/pion/turn/v4
github.com/pion/sctp
github.com/pion/rtcp
github.com/pion/dtls/v3/pkg/crypto/fingerprint
github.com/pion/rtcp
github.com/pion/turn/v4/internal/ipnet
golang.org/x/net/internal/socks
github.com/Psiphon-Labs/pion-ice/v4/internal/stun
github.com/pion/turn/v4/internal/proto
golang.org/x/net/proxy
github.com/andybalholm/brotli
github.com/Psiphon-Labs/pion-ice/v4
github.com/wader/filtertransport
github.com/pion/turn/v4/internal/allocation
github.com/pion/datachannel
github.com/pion/interceptor
github.com/pion/turn/v4/internal/client
github.com/pion/turn/v4/internal/server
github.com/pion/interceptor/pkg/flexfec/util
github.com/Psiphon-Labs/pion-webrtc/v4/internal/fmtp
github.com/pion/interceptor/pkg/flexfec
github.com/pion/interceptor/internal/rtpbuffer
github.com/pion/interceptor
github.com/pion/interceptor
github.com/Psiphon-Labs/pion-webrtc/v4/internal/util
github.com/pion/interceptor/pkg/flexfec/util
github.com/pion/interceptor/pkg/nack
github.com/pion/rtp/codecs/av1/obu
github.com/pion/interceptor/pkg/flexfec
github.com/pion/datachannel
github.com/pion/interceptor/pkg/flexfec/util
github.com/pion/rtp
github.com/pion/interceptor/pkg/flexfec
github.com/pion/interceptor/internal/ntp
github.com/Psiphon-Labs/pion-webrtc/v4/pkg/rtcerr
github.com/pion/interceptor/pkg/report
github.com/pion/interceptor/internal/rtpbuffer
github.com/pion/interceptor/pkg/rfc8888
github.com/pion/sctp
github.com/pion/turn/v4
github.com/pion/interceptor/internal/rtpbuffer
github.com/pion/interceptor/pkg/nack
github.com/pion/interceptor/internal/ntp
github.com/pion/interceptor/pkg/stats
github.com/pion/interceptor/pkg/nack
github.com/pion/interceptor/pkg/report
github.com/pion/interceptor/pkg/rfc8888
github.com/pion/interceptor/internal/ntp
github.com/Psiphon-Labs/pion-webrtc/v4/pkg/media
github.com/pion/interceptor/pkg/report
github.com/pion/interceptor/pkg/stats
github.com/pion/interceptor/pkg/twcc
github.com/pion/rtp/codecs/vp9
github.com/pion/dtls/v3/pkg/crypto/fingerprint
github.com/pion/datachannel
github.com/Psiphon-Labs/pion-ice/v4
github.com/pion/rtp/codecs
github.com/pion/interceptor/pkg/twcc
github.com/pion/rtcp
github.com/pion/sdp/v3
github.com/pion/rtp/codecs/vp9
github.com/pion/interceptor/pkg/rfc8888
github.com/pion/sdp/v3
github.com/pion/rtp/codecs
github.com/pion/interceptor/pkg/stats
github.com/pion/interceptor/pkg/twcc
github.com/Psiphon-Labs/pion-webrtc/v4/internal/mux
github.com/pion/srtp/v3
github.com/Psiphon-Labs/psiphon-tunnel-core/psiphon/common/quic/gquic-go/internal/protocol
github.com/pion/rtp/codecs/vp9
github.com/pion/sdp/v3
github.com/pion/rtp/codecs
github.com/Psiphon-Labs/psiphon-tunnel-core/psiphon/common/quic/gquic-go/qerr
github.com/Psiphon-Labs/pion-webrtc/v4/internal/mux
github.com/Psiphon-Labs/psiphon-tunnel-core/psiphon/common/quic/gquic-go/internal/utils
github.com/bifurcation/mint/syntax
github.com/pion/srtp/v3
github.com/Psiphon-Labs/psiphon-tunnel-core/psiphon/common/quic/gquic-go/internal/protocol
github.com/pion/interceptor
github.com/Psiphon-Labs/psiphon-tunnel-core/psiphon/common/quic/gquic-go/qerr
github.com/Psiphon-Labs/psiphon-tunnel-core/psiphon/common/quic/gquic-go/internal/congestion
github.com/Psiphon-Labs/psiphon-tunnel-core/psiphon/common/quic/gquic-go/internal/utils
github.com/bifurcation/mint/syntax
github.com/pion/interceptor/pkg/flexfec/util
github.com/bifurcation/mint
github.com/pion/interceptor/pkg/flexfec
github.com/Psiphon-Labs/pion-webrtc/v4
github.com/Psiphon-Labs/psiphon-tunnel-core/psiphon/common/quic/gquic-go/internal/flowcontrol
github.com/pion/srtp/v3
golang.org/x/text/transform
github.com/pion/interceptor/internal/rtpbuffer
github.com/Psiphon-Labs/psiphon-tunnel-core/psiphon/common/quic/gquic-go/internal/protocol
github.com/Psiphon-Labs/psiphon-tunnel-core/psiphon/common/quic/gquic-go/internal/congestion
github.com/pion/datachannel
github.com/Psiphon-Labs/pion-webrtc/v4
github.com/bifurcation/mint
golang.org/x/text/unicode/bidi
github.com/pion/interceptor/pkg/nack
github.com/Psiphon-Labs/psiphon-tunnel-core/psiphon/common/quic/gquic-go/internal/utils
github.com/Psiphon-Labs/psiphon-tunnel-core/psiphon/common/quic/gquic-go/internal/flowcontrol
github.com/pion/interceptor/internal/ntp
github.com/pion/interceptor/pkg/report
github.com/Psiphon-Labs/pion-webrtc/v4/internal/mux
github.com/pion/interceptor/pkg/rfc8888
golang.org/x/text/transform
github.com/Psiphon-Labs/psiphon-tunnel-core/psiphon/common/quic/gquic-go/internal/congestion
github.com/Psiphon-Labs/psiphon-tunnel-core/psiphon/common/quic/gquic-go/qerr
golang.org/x/text/unicode/bidi
github.com/bifurcation/mint/syntax
github.com/pion/interceptor/pkg/stats
github.com/Psiphon-Labs/psiphon-tunnel-core/psiphon/common/quic/gquic-go/internal/flowcontrol
github.com/Psiphon-Labs/pion-webrtc/v4
golang.org/x/text/secure/bidirule
golang.org/x/text/transform
golang.org/x/text/unicode/norm
golang.org/x/text/unicode/bidi
github.com/pion/interceptor/pkg/twcc
github.com/pion/rtp/codecs/vp9
github.com/pion/rtp/codecs
github.com/bifurcation/mint
golang.org/x/text/secure/bidirule
golang.org/x/text/unicode/norm
github.com/pion/sdp/v3
github.com/Psiphon-Labs/psiphon-tunnel-core/psiphon/common/quic/gquic-go/internal/crypto
golang.org/x/text/secure/bidirule
golang.org/x/text/unicode/norm
golang.org/x/net/idna
golang.org/x/net/idna
github.com/pion/srtp/v3
github.com/Psiphon-Labs/psiphon-tunnel-core/psiphon/common/quic/gquic-go/internal/handshake
github.com/Psiphon-Labs/psiphon-tunnel-core/psiphon/common/quic/gquic-go/internal/crypto
github.com/Psiphon-Labs/pion-webrtc/v4/internal/mux
github.com/Psiphon-Labs/psiphon-tunnel-core/psiphon/common/quic/gquic-go/internal/protocol
github.com/Psiphon-Labs/psiphon-tunnel-core/psiphon/common/quic/gquic-go/qerr
github.com/Psiphon-Labs/psiphon-tunnel-core/psiphon/common/quic/gquic-go/internal/utils
github.com/bifurcation/mint/syntax
github.com/Psiphon-Labs/psiphon-tunnel-core/psiphon/common/quic/gquic-go/internal/handshake
golang.org/x/net/http/httpguts
github.com/Psiphon-Labs/utls
golang.org/x/net/http2/hpack
golang.org/x/net/http/httpguts
golang.org/x/net/http2/hpack
github.com/Psiphon-Labs/pion-webrtc/v4
github.com/Psiphon-Labs/psiphon-tunnel-core/psiphon/common/quic/gquic-go/internal/wire
github.com/Psiphon-Labs/psiphon-tunnel-core/psiphon/common/quic/gquic-go/internal/congestion
golang.org/x/net/idna
golang.org/x/net/internal/httpcommon
github.com/Psiphon-Labs/psiphon-tunnel-core/psiphon/common/quic/gquic-go/internal/flowcontrol
github.com/bifurcation/mint
golang.org/x/net/internal/httpcommon
github.com/Psiphon-Labs/psiphon-tunnel-core/psiphon/common/quic/gquic-go/internal/crypto
golang.org/x/text/transform
github.com/Psiphon-Labs/psiphon-tunnel-core/psiphon/common/quic/gquic-go/internal/wire
github.com/Psiphon-Labs/psiphon-tunnel-core/psiphon/common/quic/gquic-go/internal/ackhandler
golang.org/x/net/internal/httpsfv
golang.org/x/text/unicode/bidi
golang.org/x/net/internal/httpsfv
golang.org/x/net/http2
github.com/Psiphon-Labs/utls
golang.org/x/net/http2
github.com/Psiphon-Labs/psiphon-tunnel-core/psiphon/common/quic/gquic-go/internal/handshake
golang.org/x/net/http/httpguts
github.com/Psiphon-Labs/psiphon-tunnel-core/psiphon/common/quic/gquic-go
golang.org/x/text/secure/bidirule
golang.org/x/net/http2/hpack
github.com/Psiphon-Labs/psiphon-tunnel-core/psiphon/common/quic/gquic-go/internal/ackhandler
golang.org/x/text/unicode/norm
golang.org/x/net/internal/httpcommon
golang.org/x/net/internal/httpsfv
github.com/Psiphon-Labs/psiphon-tunnel-core/psiphon/common/quic/gquic-go
github.com/Psiphon-Labs/psiphon-tunnel-core/psiphon/common/quic/gquic-go/internal/wire
github.com/Psiphon-Labs/utls
golang.org/x/net/http2
golang.org/x/exp/rand
golang.org/x/exp/rand
golang.org/x/net/idna
github.com/Psiphon-Labs/quic-go/internal/protocol
github.com/Psiphon-Labs/quic-go/internal/protocol
github.com/Psiphon-Labs/utls
github.com/Psiphon-Labs/psiphon-tunnel-core/psiphon/common/quic/gquic-go/internal/crypto
github.com/Psiphon-Labs/psiphon-tunnel-core/psiphon/common/quic/gquic-go/internal/ackhandler
github.com/Psiphon-Labs/quic-go/internal/utils
github.com/Psiphon-Labs/quic-go/internal/utils
github.com/Psiphon-Labs/quic-go/internal/qerr
github.com/Psiphon-Labs/quic-go/internal/qerr
github.com/Psiphon-Labs/quic-go/quicvarint
github.com/Psiphon-Labs/quic-go/quicvarint
github.com/Psiphon-Labs/psiphon-tunnel-core/psiphon/common/quic/gquic-go/internal/handshake
github.com/Psiphon-Labs/quic-go/internal/wire
github.com/Psiphon-Labs/quic-go/internal/wire
github.com/Psiphon-Labs/psiphon-tunnel-core/psiphon/common/quic/gquic-go
golang.org/x/net/http/httpguts
github.com/Psiphon-Labs/quic-go/internal/flowcontrol
golang.org/x/net/http2/hpack
github.com/Psiphon-Labs/quic-go/internal/qtls
golang.org/x/exp/rand
github.com/Psiphon-Labs/quic-go/internal/utils/linkedlist
github.com/quic-go/qpack/v4legacy
github.com/Psiphon-Labs/psiphon-tunnel-core/psiphon/common/quic/gquic-go/internal/wire
golang.org/x/net/internal/httpcommon
github.com/Psiphon-Labs/quic-go/internal/flowcontrol
github.com/Psiphon-Labs/quic-go/internal/protocol
log/slog/internal/buffer
github.com/Psiphon-Labs/quic-go/logging
log/slog
github.com/Psiphon-Labs/quic-go/internal/utils
github.com/Psiphon-Labs/quic-go/internal/qtls
github.com/Psiphon-Labs/quic-go/logging
golang.org/x/net/internal/httpsfv
github.com/Psiphon-Labs/quic-go/internal/congestion
github.com/Psiphon-Labs/quic-go/internal/qerr
github.com/Psiphon-Labs/quic-go/internal/utils/linkedlist
github.com/quic-go/qpack/v4legacy
github.com/Psiphon-Labs/quic-go/internal/congestion
golang.org/x/net/http2
github.com/Psiphon-Labs/quic-go/quicvarint
github.com/Psiphon-Labs/psiphon-tunnel-core/psiphon/common/quic/gquic-go/internal/ackhandler
github.com/Psiphon-Labs/quic-go/internal/ackhandler
github.com/Psiphon-Labs/quic-go/internal/wire
github.com/Psiphon-Labs/quic-go/internal/handshake
github.com/Psiphon-Labs/quic-go/internal/ackhandler
github.com/Psiphon-Labs/psiphon-tunnel-core/psiphon/common/quic/gquic-go/h2quic
github.com/Psiphon-Labs/psiphon-tunnel-core/psiphon/common/quic/gquic-go/h2quic
github.com/Psiphon-Labs/psiphon-tunnel-core/psiphon/common/quic/gquic-go
github.com/bits-and-blooms/bitset
log/slog/internal/buffer
github.com/Psiphon-Labs/quic-go
github.com/Psiphon-Labs/quic-go/internal/handshake
log/slog
github.com/Psiphon-Labs/quic-go/internal/flowcontrol
github.com/cespare/xxhash
github.com/bits-and-blooms/bloom/v3
github.com/Psiphon-Labs/quic-go/internal/qtls
github.com/Psiphon-Labs/quic-go/logging
golang.org/x/crypto/blake2b
github.com/Psiphon-Labs/quic-go/internal/utils/linkedlist
github.com/bits-and-blooms/bitset
github.com/quic-go/qpack/v4legacy
golang.org/x/crypto/blake2s
github.com/marusama/semaphore
github.com/Psiphon-Labs/quic-go/internal/congestion
tailscale.com/net/netknob
github.com/jsimonetti/rtnetlink/internal/unix
github.com/Psiphon-Labs/quic-go
github.com/Psiphon-Labs/psiphon-tunnel-core/psiphon/common/quic/gquic-go/h2quic
github.com/Psiphon-Labs/quic-go/internal/handshake
github.com/flynn/noise
github.com/bits-and-blooms/bloom/v3
github.com/josharian/native
github.com/Psiphon-Labs/quic-go/internal/ackhandler
golang.org/x/exp/rand
github.com/mdlayher/netlink/nlenc
golang.org/x/sync/errgroup
github.com/mdlayher/socket
hash/maphash
github.com/cespare/xxhash
go4.org/mem
golang.org/x/crypto/blake2b
github.com/Psiphon-Labs/quic-go/internal/protocol
golang.org/x/crypto/blake2s
tailscale.com/types/opt
github.com/marusama/semaphore
github.com/Psiphon-Labs/quic-go/internal/utils
log/slog/internal/buffer
embed
tailscale.com/net/netknob
log/slog
github.com/jsimonetti/rtnetlink/internal/unix
tailscale.com
github.com/flynn/noise
tailscale.com/types/views
github.com/bits-and-blooms/bitset
github.com/Psiphon-Labs/quic-go/internal/qerr
tailscale.com/types/dnstype
github.com/josharian/native
github.com/Psiphon-Labs/quic-go
github.com/mdlayher/netlink/nlenc
github.com/mdlayher/netlink
golang.org/x/sync/errgroup
tailscale.com/util/vizerror
github.com/Psiphon-Labs/quic-go/quicvarint
github.com/mdlayher/socket
tailscale.com/types/ipproto
hash/maphash
golang.org/x/crypto/nacl/box
github.com/bits-and-blooms/bloom/v3
github.com/Psiphon-Labs/quic-go/internal/wire
go4.org/mem
github.com/Psiphon-Labs/quic-go/internal/flowcontrol
tailscale.com/types/key
github.com/cespare/xxhash
tailscale.com/types/opt
github.com/Psiphon-Labs/quic-go/internal/qtls
embed
golang.org/x/crypto/blake2b
tailscale.com
github.com/Psiphon-Labs/quic-go/internal/utils/linkedlist
github.com/jsimonetti/rtnetlink
tailscale.com/types/views
golang.org/x/crypto/blake2s
github.com/quic-go/qpack/v4legacy
github.com/mdlayher/netlink
tailscale.com/types/dnstype
tailscale.com/util/dnsname
github.com/marusama/semaphore
github.com/flynn/noise
tailscale.com/util/vizerror
tailscale.com/net/netknob
log/slog/internal/buffer
github.com/jsimonetti/rtnetlink/internal/unix
tailscale.com/types/ipproto
tailscale.com/util/slicesx
tailscale.com/tailcfg
golang.org/x/crypto/nacl/box
log/slog
github.com/josharian/native
tailscale.com/types/key
github.com/mdlayher/netlink/nlenc
golang.org/x/sync/errgroup
github.com/Psiphon-Labs/quic-go/logging
hash/maphash
github.com/mdlayher/socket
go4.org/mem
github.com/jsimonetti/rtnetlink
github.com/Psiphon-Labs/quic-go/internal/congestion
tailscale.com/types/lazy
github.com/Psiphon-Labs/psiphon-tunnel-core/psiphon/common/quic/gquic-go/h2quic
tailscale.com/util/lineread
tailscale.com/types/opt
github.com/Psiphon-Labs/psiphon-tunnel-core/psiphon/common
tailscale.com/version/distro
github.com/Psiphon-Labs/quic-go/internal/ackhandler
embed
tailscale.com/util/dnsname
tailscale.com/util/mak
tailscale.com
tailscale.com/types/views
tailscale.com/syncs
tailscale.com/types/dnstype
tailscale.com/util/slicesx
tailscale.com/tailcfg
github.com/mdlayher/netlink
tailscale.com/util/cloudenv
github.com/Psiphon-Labs/quic-go/internal/handshake
tailscale.com/util/vizerror
tailscale.com/types/ipproto
golang.org/x/crypto/nacl/box
tailscale.com/net/netaddr
tailscale.com/types/key
github.com/bits-and-blooms/bitset
go4.org/netipx
tailscale.com/types/lazy
tailscale.com/util/lineread
tailscale.com/version/distro
github.com/cespare/xxhash
tailscale.com/util/mak
github.com/jsimonetti/rtnetlink
github.com/bits-and-blooms/bloom/v3
golang.org/x/crypto/blake2b
github.com/Psiphon-Labs/quic-go
github.com/Psiphon-Labs/psiphon-tunnel-core/psiphon/common
tailscale.com/syncs
github.com/Psiphon-Labs/quic-go/http3
tailscale.com/net/tsaddr
tailscale.com/util/dnsname
tailscale.com/util/cloudenv
golang.org/x/crypto/blake2s
github.com/marusama/semaphore
tailscale.com/util/slicesx
github.com/Psiphon-Labs/psiphon-tunnel-core/psiphon/common/crypto/ssh
tailscale.com/tailcfg
tailscale.com/net/netknob
github.com/flynn/noise
github.com/jsimonetti/rtnetlink/internal/unix
github.com/Psiphon-Labs/psiphon-tunnel-core/psiphon/common/osl
tailscale.com/net/netaddr
github.com/josharian/native
go4.org/netipx
github.com/mdlayher/netlink/nlenc
golang.org/x/sync/errgroup
hash/maphash
tailscale.com/types/lazy
github.com/mdlayher/socket
tailscale.com/util/lineread
github.com/Psiphon-Labs/psiphon-tunnel-core/psiphon/common/protocol
go4.org/mem
github.com/Psiphon-Labs/psiphon-tunnel-core/psiphon/common/transforms
tailscale.com/version/distro
tailscale.com/util/mak
tailscale.com/types/opt
tailscale.com/net/tsaddr
github.com/Psiphon-Labs/psiphon-tunnel-core/psiphon/common
tailscale.com/syncs
github.com/Psiphon-Labs/psiphon-tunnel-core/psiphon/common/obfuscator
embed
github.com/Psiphon-Labs/psiphon-tunnel-core/psiphon/common/crypto/ssh
tailscale.com/util/cloudenv
tailscale.com
tailscale.com/types/views
github.com/Psiphon-Labs/psiphon-tunnel-core/psiphon/common/osl
github.com/Psiphon-Labs/quic-go/http3
github.com/mdlayher/netlink
github.com/Psiphon-Labs/psiphon-tunnel-core/psiphon/common
tailscale.com/types/dnstype
tailscale.com/net/netaddr
github.com/Psiphon-Labs/quic-go/http3
tailscale.com/version
go4.org/netipx
github.com/Psiphon-Labs/psiphon-tunnel-core/psiphon/common/transforms
tailscale.com/util/vizerror
tailscale.com/types/ipproto
github.com/Psiphon-Labs/psiphon-tunnel-core/psiphon/common/dsl
tailscale.com/envknob
github.com/Psiphon-Labs/psiphon-tunnel-core/psiphon/common/protocol
golang.org/x/crypto/nacl/box
github.com/Psiphon-Labs/psiphon-tunnel-core/psiphon/common/obfuscator
tailscale.com/types/key
github.com/jsimonetti/rtnetlink
tailscale.com/hostinfo
tailscale.com/version
tailscale.com/net/tsaddr
github.com/Psiphon-Labs/psiphon-tunnel-core/psiphon/common/crypto/ssh
tailscale.com/envknob
golang.org/x/net/http/httpproxy
golang.org/x/net/http/httpproxy
github.com/Psiphon-Labs/psiphon-tunnel-core/psiphon/common/osl
tailscale.com/net/tshttpproxy
tailscale.com/net/tshttpproxy
tailscale.com/util/dnsname
github.com/Psiphon-Labs/psiphon-tunnel-core/psiphon/common/crypto/ssh
tailscale.com/hostinfo
tailscale.com/util/ctxkey
tailscale.com/types/logger
github.com/Psiphon-Labs/psiphon-tunnel-core/psiphon/common/osl
github.com/Psiphon-Labs/psiphon-tunnel-core/psiphon/common/dsl
github.com/Psiphon-Labs/psiphon-tunnel-core/psiphon/common/quic
tailscale.com/net/interfaces
github.com/Psiphon-Labs/psiphon-tunnel-core/psiphon/common/transforms
github.com/Psiphon-Labs/psiphon-tunnel-core/psiphon/common/protocol
github.com/Psiphon-Labs/psiphon-tunnel-core/psiphon/common/transforms
github.com/Psiphon-Labs/psiphon-tunnel-core/psiphon/common/quic
tailscale.com/util/clientmetric
github.com/Psiphon-Labs/psiphon-tunnel-core/psiphon/common/obfuscator
github.com/Psiphon-Labs/psiphon-tunnel-core/psiphon/common/protocol
tailscale.com/net/interfaces
tailscale.com/version
tailscale.com/util/set
github.com/Psiphon-Labs/psiphon-tunnel-core/psiphon/common/obfuscator
encoding/xml
tailscale.com/net/netmon
tailscale.com/envknob
tailscale.com/util/ctxkey
tailscale.com/net/netns
tailscale.com/util/clientmetric
tailscale.com/types/logger
tailscale.com/hostinfo
github.com/tailscale/goupnp/httpu
golang.org/x/net/http/httpproxy
tailscale.com/util/slicesx
tailscale.com/control/controlknobs
tailscale.com/tailcfg
tailscale.com/util/set
tailscale.com/net/tshttpproxy
github.com/tailscale/goupnp/ssdp
encoding/xml
github.com/tailscale/goupnp/httpu
tailscale.com/net/neterror
tailscale.com/util/ctxkey
tailscale.com/net/sockstats
tailscale.com/types/logger
tailscale.com/net/netmon
tailscale.com/types/nettype
github.com/Psiphon-Labs/psiphon-tunnel-core/psiphon/common/goptlib
github.com/Psiphon-Labs/psiphon-tunnel-core/psiphon/common/light
tailscale.com/net/interfaces
github.com/Psiphon-Labs/psiphon-tunnel-core/psiphon/common/networkid
github.com/tailscale/goupnp/ssdp
github.com/Psiphon-Labs/psiphon-tunnel-core/psiphon/common/push
github.com/Psiphon-Labs/psiphon-tunnel-core/psiphon/common/dsl
github.com/Psiphon-Labs/quic-go/http3
tailscale.com/net/netns
github.com/Psiphon-Labs/psiphon-tunnel-core/psiphon/common/dsl
tailscale.com/control/controlknobs
tailscale.com/net/neterror
github.com/Psiphon-Labs/psiphon-tunnel-core/psiphon/common/quic
tailscale.com/net/sockstats
tailscale.com/util/clientmetric
tailscale.com/types/nettype
github.com/Psiphon-Labs/psiphon-tunnel-core/psiphon/common/refraction
github.com/Psiphon-Labs/psiphon-tunnel-core/psiphon/common/goptlib
github.com/Psiphon-Labs/psiphon-tunnel-core/psiphon/common/light
github.com/Psiphon-Labs/psiphon-tunnel-core/psiphon/common/tun
github.com/Psiphon-Labs/psiphon-tunnel-core/psiphon/common/networkid
github.com/Psiphon-Labs/psiphon-tunnel-core/psiphon/common/push
tailscale.com/util/set
encoding/xml
github.com/Psiphon-Labs/psiphon-tunnel-core/psiphon/transferstats
tailscale.com/net/netmon
github.com/tailscale/goupnp/scpd
github.com/tailscale/goupnp/soap
github.com/Psiphon-Labs/psiphon-tunnel-core/psiphon/upstreamproxy/go-ntlm/ntlm/md4
tailscale.com/types/lazy
net/http/httputil
github.com/Psiphon-Labs/psiphon-tunnel-core/psiphon/upstreamproxy/go-ntlm/ntlm
tailscale.com/util/lineread
github.com/Psiphon-Labs/psiphon-tunnel-core/psiphon/common/refraction
tailscale.com/net/netns
github.com/Psiphon-Labs/psiphon-tunnel-core/psiphon/common/tun
tailscale.com/version/distro
github.com/tailscale/goupnp
github.com/tailscale/goupnp/httpu
tailscale.com/control/controlknobs
tailscale.com/util/mak
github.com/Psiphon-Labs/psiphon-tunnel-core/psiphon/transferstats
tailscale.com/syncs
tailscale.com/net/neterror
github.com/tailscale/goupnp/scpd
github.com/tailscale/goupnp/soap
github.com/Psiphon-Labs/psiphon-tunnel-core/psiphon/upstreamproxy/go-ntlm/ntlm/md4
github.com/tailscale/goupnp/ssdp
github.com/tailscale/goupnp/dcps/internetgateway2
net/http/httputil
tailscale.com/util/cloudenv
github.com/dgryski/go-metro
github.com/Psiphon-Labs/psiphon-tunnel-core/psiphon/upstreamproxy/go-ntlm/ntlm
github.com/grafov/m3u8
tailscale.com/net/sockstats
github.com/axiomhq/hyperloglog
tailscale.com/types/nettype
github.com/Psiphon-Labs/psiphon-tunnel-core/psiphon/common/quic
github.com/Psiphon-Labs/psiphon-tunnel-core/psiphon/common/goptlib
github.com/Psiphon-Labs/psiphon-tunnel-core/psiphon/upstreamproxy
github.com/Psiphon-Labs/psiphon-tunnel-core/psiphon/common/light
tailscale.com/net/netaddr
go4.org/netipx
github.com/tailscale/goupnp
golang.org/x/net/http/httpproxy
tailscale.com/net/portmapper
github.com/dgryski/go-metro
github.com/grafov/m3u8
github.com/oschwald/maxminddb-golang
github.com/Psiphon-Labs/psiphon-tunnel-core/psiphon/common/networkid
tailscale.com/net/tshttpproxy
github.com/xtls/xray-core/common/platform
github.com/axiomhq/hyperloglog
github.com/Psiphon-Labs/psiphon-tunnel-core/psiphon/common/push
google.golang.org/protobuf/internal/detrand
github.com/tailscale/goupnp/dcps/internetgateway2
google.golang.org/protobuf/internal/errors
google.golang.org/protobuf/internal/pragma
google.golang.org/protobuf/encoding/protowire
go/token
github.com/Psiphon-Labs/psiphon-tunnel-core/psiphon/common/refraction
github.com/tailscale/goupnp/scpd
github.com/tailscale/goupnp/soap
github.com/Psiphon-Labs/psiphon-tunnel-core/psiphon/common/tun
github.com/Psiphon-Labs/psiphon-tunnel-core/psiphon/upstreamproxy
tailscale.com/util/ctxkey
github.com/Psiphon-Labs/psiphon-tunnel-core/psiphon/transferstats
tailscale.com/net/tsaddr
github.com/Psiphon-Labs/psiphon-tunnel-core/psiphon/upstreamproxy/go-ntlm/ntlm/md4
google.golang.org/protobuf/reflect/protoreflect
github.com/Psiphon-Labs/psiphon-tunnel-core/psiphon/upstreamproxy/go-ntlm/ntlm
tailscale.com/util/clientmetric
net/http/httputil
tailscale.com/util/set
google.golang.org/protobuf/internal/editiondefaults
encoding/xml
google.golang.org/protobuf/internal/version
github.com/oschwald/maxminddb-golang
tailscale.com/net/portmapper
tailscale.com/version
github.com/xtls/xray-core/common/signal/done
github.com/tailscale/goupnp/httpu
tailscale.com/control/controlknobs
github.com/Psiphon-Labs/psiphon-tunnel-core/psiphon/common/inproxy
github.com/xtls/xray-core/common/ctx
github.com/xtls/xray-core/common/platform
go/internal/scannerhooks
go/scanner
google.golang.org/protobuf/internal/detrand
google.golang.org/protobuf/internal/pragma
github.com/tailscale/goupnp
github.com/tailscale/goupnp/ssdp
go/token
tailscale.com/net/neterror
google.golang.org/protobuf/internal/errors
google.golang.org/protobuf/encoding/protowire
tailscale.com/envknob
go/build/constraint
go/ast
tailscale.com/types/nettype
github.com/Psiphon-Labs/psiphon-tunnel-core/psiphon/common/goptlib
github.com/tailscale/goupnp/dcps/internetgateway2
google.golang.org/protobuf/reflect/protoreflect
google.golang.org/protobuf/internal/encoding/messageset
github.com/dgryski/go-metro
google.golang.org/protobuf/internal/editiondefaults
github.com/Psiphon-Labs/psiphon-tunnel-core/psiphon/common/light
google.golang.org/protobuf/internal/version
github.com/xtls/xray-core/common/signal/done
google.golang.org/protobuf/internal/genid
github.com/xtls/xray-core/common/ctx
google.golang.org/protobuf/internal/order
github.com/axiomhq/hyperloglog
go/internal/scannerhooks
tailscale.com/hostinfo
go/scanner
github.com/Psiphon-Labs/psiphon-tunnel-core/psiphon/upstreamproxy
google.golang.org/protobuf/internal/strs
google.golang.org/protobuf/reflect/protoregistry
tailscale.com/net/portmapper
google.golang.org/protobuf/runtime/protoiface
github.com/Psiphon-Labs/psiphon-tunnel-core/psiphon/common/inproxy
github.com/grafov/m3u8
go/build/constraint
go/ast
google.golang.org/protobuf/internal/descfmt
tailscale.com/types/logger
google.golang.org/protobuf/proto
go/doc/comment
google.golang.org/protobuf/internal/descopts
github.com/oschwald/maxminddb-golang
google.golang.org/protobuf/internal/encoding/text
github.com/xtls/xray-core/common/platform
tailscale.com/net/interfaces
google.golang.org/protobuf/internal/detrand
google.golang.org/protobuf/internal/errors
google.golang.org/protobuf/internal/encoding/messageset
github.com/Psiphon-Labs/psiphon-tunnel-core/psiphon/common/networkid
google.golang.org/protobuf/encoding/protowire
github.com/Psiphon-Labs/psiphon-tunnel-core/psiphon/common/push
google.golang.org/protobuf/internal/pragma
github.com/Psiphon-Labs/psiphon-tunnel-core/psiphon/common/refraction
go/token
google.golang.org/protobuf/reflect/protoreflect
github.com/tailscale/goupnp/scpd
google.golang.org/protobuf/internal/genid
github.com/tailscale/goupnp/soap
github.com/Psiphon-Labs/psiphon-tunnel-core/psiphon/common/tun
google.golang.org/protobuf/internal/encoding/defval
google.golang.org/protobuf/internal/order
github.com/Psiphon-Labs/psiphon-tunnel-core/psiphon/common/inproxy
google.golang.org/protobuf/internal/protolazy
google.golang.org/protobuf/internal/editiondefaults
google.golang.org/protobuf/internal/version
go/doc/comment
github.com/Psiphon-Labs/psiphon-tunnel-core/psiphon/transferstats
google.golang.org/protobuf/internal/strs
google.golang.org/protobuf/reflect/protoregistry
google.golang.org/protobuf/internal/filedesc
github.com/xtls/xray-core/common/signal/done
github.com/xtls/xray-core/common/ctx
google.golang.org/protobuf/encoding/prototext
go/internal/scannerhooks
google.golang.org/protobuf/runtime/protoiface
go/scanner
github.com/tailscale/goupnp
tailscale.com/net/netmon
github.com/Psiphon-Labs/psiphon-tunnel-core/psiphon/upstreamproxy/go-ntlm/ntlm/md4
google.golang.org/protobuf/internal/descfmt
github.com/Psiphon-Labs/psiphon-tunnel-core/psiphon/upstreamproxy/go-ntlm/ntlm
google.golang.org/protobuf/proto
google.golang.org/protobuf/internal/descopts
go/ast
google.golang.org/protobuf/internal/encoding/text
github.com/tailscale/goupnp/dcps/internetgateway2
tailscale.com/net/netns
go/build/constraint
google.golang.org/protobuf/internal/protolazy
internal/lazyregexp
go/parser
internal/lazyregexp
google.golang.org/protobuf/internal/encoding/messageset
tailscale.com/net/sockstats
go/doc
google.golang.org/protobuf/internal/genid
go/doc
net/http/httputil
google.golang.org/protobuf/internal/order
github.com/dgryski/go-metro
tailscale.com/net/portmapper
google.golang.org/protobuf/internal/strs
google.golang.org/protobuf/reflect/protoregistry
github.com/axiomhq/hyperloglog
google.golang.org/protobuf/internal/encoding/defval
github.com/grafov/m3u8
google.golang.org/protobuf/runtime/protoiface
google.golang.org/protobuf/internal/descfmt
go/parser
google.golang.org/protobuf/internal/filedesc
google.golang.org/protobuf/proto
github.com/oschwald/maxminddb-golang
github.com/Psiphon-Labs/psiphon-tunnel-core/psiphon/upstreamproxy
google.golang.org/protobuf/internal/descopts
google.golang.org/protobuf/internal/encoding/text
google.golang.org/protobuf/internal/encoding/tag
internal/buildcfg
github.com/xtls/xray-core/common/platform
internal/goroot
google.golang.org/protobuf/encoding/prototext
google.golang.org/protobuf/internal/detrand
github.com/Psiphon-Labs/psiphon-tunnel-core/psiphon/common/parameters
google.golang.org/protobuf/internal/protolazy
go/doc/comment
github.com/xtls/xray-core/common/bytespool
github.com/Psiphon-Labs/psiphon-tunnel-core/psiphon/common/inproxy
google.golang.org/protobuf/internal/errors
google.golang.org/protobuf/internal/impl
github.com/xtls/xray-core/common/cmdarg
internal/buildcfg
google.golang.org/protobuf/encoding/protowire
github.com/pires/go-proxyproto
google.golang.org/protobuf/internal/pragma
google.golang.org/protobuf/encoding/prototext
google.golang.org/protobuf/internal/encoding/defval
go/token
go/build
google.golang.org/protobuf/reflect/protoreflect
google.golang.org/protobuf/internal/filedesc
internal/goroot
google.golang.org/protobuf/internal/editiondefaults
github.com/xtls/xray-core/common/bytespool
google.golang.org/protobuf/internal/version
github.com/xtls/xray-core/common/signal/done
github.com/xtls/xray-core/common/ctx
internal/lazyregexp
github.com/xtls/xray-core/common/cmdarg
github.com/sagernet/sing/common
go/internal/scannerhooks
go/build/constraint
go/build
github.com/pires/go-proxyproto
go/doc
go/scanner
github.com/Psiphon-Labs/psiphon-tunnel-core/psiphon/common/parameters
go/parser
github.com/sagernet/sing/common/atomic
github.com/sagernet/sing/common/format
google.golang.org/protobuf/internal/encoding/tag
go/doc/comment
github.com/sagernet/sing/common/exceptions
go/ast
github.com/sagernet/sing/common/buf
github.com/xtls/xray-core/common/dice
google.golang.org/protobuf/internal/impl
gopkg.in/yaml.v2
github.com/sagernet/sing/common
google.golang.org/protobuf/internal/encoding/messageset
google.golang.org/protobuf/internal/genid
github.com/sagernet/sing/common/metadata
github.com/sagernet/sing/common/atomic
github.com/sagernet/sing/common/format
google.golang.org/protobuf/internal/order
github.com/sagernet/sing/common/exceptions
internal/buildcfg
google.golang.org/protobuf/internal/strs
google.golang.org/protobuf/internal/encoding/tag
github.com/Psiphon-Labs/psiphon-tunnel-core/psiphon/common/fragmentor
github.com/Psiphon-Labs/psiphon-tunnel-core/psiphon/common/resolver
github.com/sagernet/sing/common/buf
google.golang.org/protobuf/reflect/protoregistry
google.golang.org/protobuf/runtime/protoiface
google.golang.org/protobuf/internal/descfmt
github.com/sagernet/sing/common/metadata
github.com/xtls/xray-core/common/dice
github.com/Psiphon-Labs/psiphon-tunnel-core/psiphon/common/parameters
google.golang.org/protobuf/internal/impl
internal/goroot
github.com/Psiphon-Labs/psiphon-tunnel-core/psiphon/common/tactics
github.com/xtls/xray-core/common/bytespool
gopkg.in/yaml.v2
github.com/xtls/xray-core/common/cmdarg
go/build
github.com/pires/go-proxyproto
github.com/sagernet/sing/common/network
github.com/sagernet/sing/common/network
google.golang.org/protobuf/proto
google.golang.org/protobuf/internal/descopts
google.golang.org/protobuf/internal/encoding/text
github.com/sagernet/sing/common/control
github.com/Psiphon-Labs/psiphon-tunnel-core/psiphon/common/fragmentor
github.com/sagernet/sing/common/control
github.com/sagernet/sing/common
github.com/Psiphon-Labs/psiphon-tunnel-core/psiphon
google.golang.org/protobuf/internal/protolazy
github.com/Psiphon-Labs/psiphon-tunnel-core/psiphon/common/resolver
github.com/Psiphon-Labs/psiphon-tunnel-core/psiphon/common/tactics
google.golang.org/protobuf/internal/encoding/defval
internal/lazyregexp
github.com/pelletier/go-toml
github.com/sagernet/sing/common/atomic
go/doc
github.com/ghodss/yaml
github.com/sagernet/sing/common/format
go/parser
google.golang.org/protobuf/internal/filedesc
github.com/sagernet/sing/common/exceptions
github.com/xtls/xray-core/common/dice
github.com/sagernet/sing/common/x/list
gopkg.in/yaml.v2
github.com/sagernet/sing/common/cache
github.com/sagernet/sing/common/buf
github.com/sagernet/sing/common/pipe
github.com/pelletier/go-toml
github.com/Psiphon-Labs/psiphon-tunnel-core/psiphon
github.com/sagernet/sing/common/udpnat
github.com/sagernet/sing/common/metadata
github.com/sagernet/sing-shadowsocks
github.com/Psiphon-Labs/psiphon-tunnel-core/psiphon/common/fragmentor
github.com/Psiphon-Labs/psiphon-tunnel-core/psiphon/common/resolver
github.com/Psiphon-Labs/psiphon-tunnel-core/psiphon/common/tactics
google.golang.org/protobuf/encoding/prototext
internal/buildcfg
github.com/ghodss/yaml
github.com/sagernet/sing/common/auth
github.com/sagernet/sing/common/binary
github.com/Psiphon-Labs/psiphon-tunnel-core/psiphon/common/parameters
github.com/sagernet/sing/common/network
github.com/sagernet/sing/common/x/list
internal/goroot
github.com/sagernet/sing/common/cache
github.com/sagernet/sing/common/task
github.com/xtls/xray-core/common/bytespool
github.com/Psiphon-Labs/psiphon-tunnel-core/psiphon
github.com/sagernet/sing/common/pipe
github.com/xtls/xray-core/common/cmdarg
go/build
github.com/pires/go-proxyproto
google.golang.org/protobuf/internal/encoding/tag
github.com/sagernet/sing/common/bufio
github.com/sagernet/sing/common/udpnat
github.com/sagernet/sing-shadowsocks
google.golang.org/protobuf/internal/impl
github.com/sagernet/sing/common/control
github.com/sagernet/sing/common/random
github.com/sagernet/sing/common
github.com/ghodss/yaml
github.com/sagernet/sing/common/replay
github.com/klauspost/cpuid/v2
github.com/pelletier/go-toml
github.com/sagernet/sing/common/atomic
github.com/sagernet/sing/common/auth
github.com/sagernet/sing/common/format
github.com/sagernet/sing/common/binary
github.com/sagernet/sing/common/x/list
github.com/sagernet/sing/common/task
github.com/sagernet/sing/common/exceptions
github.com/sagernet/sing/common/cache
github.com/sagernet/sing/common/bufio
github.com/sagernet/sing/common/pipe
github.com/xtls/xray-core/common/dice
github.com/sagernet/sing/common/udpnat
github.com/sagernet/sing/common/buf
google.golang.org/protobuf/internal/filetype
gopkg.in/yaml.v2
github.com/sagernet/sing-shadowsocks
github.com/sagernet/sing/common/varbin
github.com/sagernet/sing/common/metadata
google.golang.org/protobuf/runtime/protoimpl
github.com/sagernet/sing/common/random
github.com/Psiphon-Labs/psiphon-tunnel-core/psiphon/common/fragmentor
github.com/sagernet/sing/common/replay
github.com/klauspost/cpuid/v2
github.com/xtls/xray-core/common/serial
github.com/Psiphon-Labs/psiphon-tunnel-core/psiphon/common/resolver
github.com/sagernet/sing/common/rw
github.com/Psiphon-Labs/psiphon-tunnel-core/psiphon/common/tactics
github.com/xtls/xray-core/common/log
github.com/sagernet/sing/common/auth
github.com/sagernet/sing-shadowsocks/shadowaead
lukechampine.com/blake3/guts
github.com/sagernet/sing/common/binary
google.golang.org/protobuf/internal/filetype
lukechampine.com/blake3/bao
github.com/xtls/xray-core/common/errors
github.com/sagernet/sing/common/varbin
google.golang.org/protobuf/runtime/protoimpl
github.com/sagernet/sing/common/network
github.com/xtls/xray-core/common/net
github.com/xtls/xray-core/common
github.com/xtls/xray-core/common/serial
github.com/sagernet/sing/common/task
github.com/Psiphon-Labs/psiphon-tunnel-core/psiphon
github.com/sagernet/sing/common/bufio
github.com/sagernet/sing/common/random
github.com/xtls/xray-core/common/task
lukechampine.com/blake3/guts
github.com/xtls/xray-core/common/log
github.com/sagernet/sing/common/replay
github.com/xtls/xray-core/common/signal
github.com/sagernet/sing/common/rw
github.com/xtls/xray-core/features
github.com/klauspost/cpuid/v2
github.com/sagernet/sing/common/control
github.com/xtls/xray-core/features/stats
github.com/xtls/xray-core/features/inbound
github.com/xtls/xray-core/features/dns
google.golang.org/protobuf/internal/filetype
github.com/xtls/xray-core/features/dns/localdns
github.com/xtls/xray-core/transport/internet/stat
github.com/sagernet/sing-shadowsocks/shadowaead
github.com/xtls/xray-core/features/policy
lukechampine.com/blake3/bao
github.com/xtls/xray-core/main/confloader
github.com/xtls/xray-core/common/uuid
github.com/xtls/xray-core/common/buf
github.com/ghodss/yaml
github.com/xtls/xray-core/common/errors
github.com/xtls/xray-core/transport/internet/finalmask
lukechampine.com/blake3
github.com/pelletier/go-toml
lukechampine.com/blake3
github.com/xtls/xray-core/common/net
golang.org/x/net/internal/timeseries
google.golang.org/protobuf/runtime/protoimpl
github.com/sagernet/sing-shadowsocks/shadowaead_2022
github.com/sagernet/sing/common/x/list
github.com/xtls/xray-core/common
github.com/sagernet/sing/common/cache
github.com/xtls/xray-core/common/serial
html
github.com/sagernet/sing/common/pipe
github.com/xtls/xray-core/common/task
github.com/xtls/xray-core/common/signal
github.com/xtls/xray-core/common/log
github.com/sagernet/sing/common/udpnat
text/template/parse
github.com/xtls/xray-core/features
github.com/xtls/xray-core/common/net/cnc
github.com/xtls/xray-core/features/stats
github.com/xtls/xray-core/features/dns
lukechampine.com/blake3/guts
github.com/xtls/xray-core/features/inbound
github.com/xtls/xray-core/transport
github.com/sagernet/sing-shadowsocks
github.com/xtls/xray-core/transport/internet/stat
github.com/xtls/xray-core/features/dns/localdns
github.com/xtls/xray-core/features/outbound
github.com/xtls/xray-core/common/buf
github.com/xtls/xray-core/features/policy
github.com/xtls/xray-core/main/confloader
github.com/xtls/xray-core/common/errors
github.com/xtls/xray-core/common/uuid
github.com/xtls/xray-core/features/routing
github.com/xtls/xray-core/transport/internet/finalmask
github.com/sagernet/sing/common/varbin
github.com/sagernet/sing-shadowsocks/shadowaead_2022
lukechampine.com/blake3/bao
github.com/xtls/xray-core/common/net
github.com/xtls/xray-core/common/protocol
golang.org/x/net/internal/timeseries
github.com/xtls/xray-core/common
html
github.com/xtls/xray-core/transport/pipe
github.com/sagernet/sing/common/auth
github.com/sagernet/sing/common/binary
github.com/xtls/xray-core/common/net/cnc
github.com/xtls/xray-core/common/task
github.com/xtls/xray-core/common/protocol/udp
github.com/xtls/xray-core/features
github.com/xtls/xray-core/transport
github.com/xtls/xray-core/common/session
text/template
google.golang.org/grpc/backoff
github.com/xtls/xray-core/features/stats
github.com/xtls/xray-core/common/signal
github.com/xtls/xray-core/features/dns
google.golang.org/grpc/grpclog/internal
github.com/xtls/xray-core/features/outbound
github.com/xtls/xray-core/features/routing
github.com/xtls/xray-core/features/inbound
github.com/xtls/xray-core/features/dns/localdns
github.com/xtls/xray-core/transport/internet/stat
google.golang.org/grpc/grpclog
github.com/xtls/xray-core/common/protocol
github.com/xtls/xray-core/features/policy
github.com/xtls/xray-core/transport/internet
github.com/xtls/xray-core/common/buf
github.com/xtls/xray-core/main/confloader
github.com/xtls/xray-core/transport/pipe
github.com/xtls/xray-core/common/uuid
github.com/xtls/xray-core/transport/internet/finalmask
github.com/sagernet/sing/common/rw
google.golang.org/grpc/connectivity
github.com/sagernet/sing/common/task
google.golang.org/grpc/attributes
github.com/xtls/xray-core/common/protocol/udp
lukechampine.com/blake3
text/template/parse
google.golang.org/grpc/internal/credentials
github.com/sagernet/sing/common/bufio
github.com/sagernet/sing-shadowsocks/shadowaead
google.golang.org/grpc/internal/envconfig
google.golang.org/grpc/credentials
github.com/xtls/xray-core/common/session
github.com/sagernet/sing/common/random
golang.org/x/net/internal/timeseries
github.com/sagernet/sing/common/replay
github.com/klauspost/cpuid/v2
google.golang.org/grpc/internal
github.com/xtls/xray-core/transport/internet
html
github.com/xtls/xray-core/common/net/cnc
google.golang.org/grpc/backoff
google.golang.org/grpc/grpclog/internal
google.golang.org/grpc/internal/channelz
github.com/xtls/xray-core/transport
github.com/xtls/xray-core/common/protocol
github.com/xtls/xray-core/features/outbound
google.golang.org/protobuf/internal/filetype
google.golang.org/grpc/grpclog
github.com/xtls/xray-core/features/routing
google.golang.org/grpc/connectivity
html/template
google.golang.org/grpc/attributes
google.golang.org/protobuf/runtime/protoimpl
google.golang.org/grpc/internal/credentials
github.com/xtls/xray-core/transport/pipe
github.com/xtls/xray-core/common/protocol/udp
text/template
github.com/xtls/xray-core/transport/internet/udp
github.com/xtls/xray-core/common/serial
github.com/xtls/xray-core/common/session
github.com/sagernet/sing-shadowsocks/shadowaead_2022
google.golang.org/grpc/channelz
google.golang.org/grpc/internal/envconfig
google.golang.org/grpc/metadata
google.golang.org/grpc/credentials
text/template/parse
google.golang.org/grpc/stats
github.com/xtls/xray-core/common/log
github.com/xtls/xray-core/transport/internet
google.golang.org/grpc/experimental/stats
google.golang.org/grpc/internal
google.golang.org/grpc/resolver
lukechampine.com/blake3/guts
github.com/sagernet/sing/common/varbin
google.golang.org/grpc/balancer
github.com/xtls/xray-core/core
google.golang.org/grpc/internal/channelz
github.com/xtls/xray-core/common/errors
github.com/xtls/xray-core/transport/internet/udp
google.golang.org/grpc/balancer/base
lukechampine.com/blake3/bao
github.com/xtls/xray-core/common/net
github.com/xtls/xray-core/common
google.golang.org/grpc/balancer/pickfirst/internal
text/template
google.golang.org/grpc/internal/balancer/weight
golang.org/x/net/trace
github.com/Psiphon-Labs/psiphon-tunnel-core/MobileLibrary/psi
google.golang.org/grpc/internal/grpclog
google.golang.org/protobuf/internal/encoding/json
google.golang.org/grpc/channelz
github.com/xtls/xray-core/main/confloader
google.golang.org/grpc/metadata
github.com/xtls/xray-core/common/task
google.golang.org/protobuf/protoadapt
github.com/xtls/xray-core/core
github.com/xtls/xray-core/features
html/template
github.com/xtls/xray-core/features/stats
google.golang.org/grpc/stats
github.com/xtls/xray-core/common/signal
google.golang.org/grpc/balancer/endpointsharding
github.com/xtls/xray-core/features/inbound
google.golang.org/grpc/experimental/stats
github.com/xtls/xray-core/features/dns
github.com/xtls/xray-core/transport/internet/stat
google.golang.org/protobuf/encoding/protojson
google.golang.org/grpc/codes
github.com/xtls/xray-core/common/buf
google.golang.org/grpc/backoff
github.com/xtls/xray-core/transport/internet/udp
google.golang.org/grpc/resolver
github.com/xtls/xray-core/features/policy
github.com/xtls/xray-core/features/dns/localdns
google.golang.org/grpc/credentials/insecure
google.golang.org/grpc/grpclog/internal
github.com/Psiphon-Labs/psiphon-tunnel-core/MobileLibrary/psi
google.golang.org/grpc/internal/grpcutil
google.golang.org/grpc/mem
github.com/xtls/xray-core/common/uuid
google.golang.org/grpc/internal/backoff
github.com/xtls/xray-core/transport/internet/finalmask
google.golang.org/grpc/internal/balancer/gracefulswitch
google.golang.org/grpc/internal/balancerload
google.golang.org/grpc/balancer
google.golang.org/grpc/grpclog
google.golang.org/protobuf/types/known/durationpb
google.golang.org/grpc/balancer/pickfirst/internal
github.com/sagernet/sing/common/rw
google.golang.org/grpc/internal/balancer/weight
google.golang.org/grpc/balancer/base
google.golang.org/grpc/internal/grpclog
lukechampine.com/blake3
google.golang.org/protobuf/types/known/timestamppb
google.golang.org/protobuf/internal/encoding/json
google.golang.org/grpc/encoding
google.golang.org/grpc/encoding/proto
google.golang.org/grpc/connectivity
google.golang.org/protobuf/types/known/anypb
github.com/sagernet/sing-shadowsocks/shadowaead
google.golang.org/grpc/attributes
google.golang.org/protobuf/protoadapt
golang.org/x/net/internal/timeseries
google.golang.org/grpc/binarylog/grpc_binarylog_v1
google.golang.org/grpc/internal/credentials
google.golang.org/grpc/internal/buffer
google.golang.org/genproto/googleapis/rpc/status
github.com/xtls/xray-core/core
google.golang.org/grpc/internal/grpcsync
golang.org/x/net/trace
google.golang.org/grpc/balancer/endpointsharding
google.golang.org/grpc/codes
google.golang.org/grpc/internal/idle
github.com/xtls/xray-core/common/net/cnc
google.golang.org/protobuf/encoding/protojson
google.golang.org/grpc/internal/status
google.golang.org/grpc/internal/envconfig
html/template
github.com/xtls/xray-core/transport
google.golang.org/grpc/credentials/insecure
google.golang.org/grpc/internal/metadata
google.golang.org/grpc/internal/pretty
google.golang.org/grpc/credentials
github.com/xtls/xray-core/common/protocol
google.golang.org/grpc/internal/serviceconfig
google.golang.org/grpc/internal/grpcutil
github.com/xtls/xray-core/features/outbound
google.golang.org/grpc/internal/proxyattributes
google.golang.org/grpc/status
google.golang.org/grpc/mem
google.golang.org/grpc/balancer/pickfirst
google.golang.org/grpc/internal/backoff
google.golang.org/grpc/internal/stats
github.com/xtls/xray-core/features/routing
google.golang.org/grpc/internal/resolver
google.golang.org/grpc/internal/balancer/gracefulswitch
google.golang.org/grpc/internal/syscall
google.golang.org/grpc/internal/transport/networktype
google.golang.org/grpc/internal
google.golang.org/grpc/internal/binarylog
google.golang.org/grpc/keepalive
google.golang.org/grpc/peer
google.golang.org/grpc/balancer/pickfirst/internal
google.golang.org/grpc/internal/balancerload
google.golang.org/grpc/internal/grpclog
google.golang.org/grpc/encoding
google.golang.org/protobuf/types/known/durationpb
google.golang.org/grpc/tap
google.golang.org/protobuf/internal/encoding/json
github.com/xtls/xray-core/transport/pipe
google.golang.org/grpc/internal/resolver/passthrough
google.golang.org/grpc/internal/transport
google.golang.org/grpc/encoding/proto
google.golang.org/grpc/internal/channelz
github.com/xtls/xray-core/common/protocol/udp
google.golang.org/grpc/internal/resolver/unix
github.com/xtls/xray-core/common/session
google.golang.org/grpc/balancer/roundrobin
google.golang.org/protobuf/types/known/timestamppb
google.golang.org/grpc/balancer/grpclb/state
google.golang.org/protobuf/types/known/anypb
google.golang.org/grpc/internal/buffer
html
google.golang.org/grpc/internal/resolver/dns/internal
google.golang.org/grpc/metadata
google.golang.org/protobuf/types/descriptorpb
github.com/sagernet/sing-shadowsocks/shadowaead_2022
google.golang.org/grpc/internal/resolver/dns
google.golang.org/grpc/internal/grpcsync
google.golang.org/grpc/binarylog/grpc_binarylog_v1
github.com/xtls/xray-core/common/protocol/bittorrent
google.golang.org/grpc/stats
google.golang.org/genproto/googleapis/rpc/status
google.golang.org/grpc/internal/idle
google.golang.org/grpc/internal/pretty
github.com/xtls/xray-core/common/protocol/http
github.com/xtls/xray-core/transport/internet
google.golang.org/grpc/internal/metadata
google.golang.org/grpc/internal/serviceconfig
golang.org/x/net/trace
google.golang.org/grpc/experimental/stats
text/template/parse
google.golang.org/grpc/balancer/pickfirst
github.com/apernet/quic-go/quicvarint
google.golang.org/grpc/internal/resolver
google.golang.org/grpc/resolver/dns
google.golang.org/grpc/internal/status
google.golang.org/grpc/internal/proxyattributes
github.com/xtls/xray-core/common/protocol/tls
google.golang.org/grpc/internal/stats
google.golang.org/grpc/resolver
google.golang.org/grpc/internal/syscall
github.com/xtls/xray-core/features/routing/session
github.com/xtls/xray-core/common/protocol/quic
google.golang.org/grpc/internal/transport/networktype
google.golang.org/grpc/keepalive
github.com/apernet/quic-go/internal/protocol
google.golang.org/grpc/status
google.golang.org/grpc/peer
google.golang.org/grpc/channelz
google.golang.org/grpc/internal/balancer/weight
google.golang.org/grpc/balancer
google.golang.org/grpc/tap
google.golang.org/grpc/internal/resolver/passthrough
google.golang.org/protobuf/encoding/protojson
github.com/Psiphon-Labs/psiphon-tunnel-core/MobileLibrary/psi
google.golang.org/grpc/internal/resolver/unix
google.golang.org/grpc/balancer/grpclb/state
github.com/xtls/xray-core/app/dispatcher
google.golang.org/grpc/internal/resolver/dns/internal
google.golang.org/protobuf/types/descriptorpb
google.golang.org/grpc/balancer/base
google.golang.org/grpc/internal/binarylog
github.com/apernet/quic-go/internal/monotime
google.golang.org/grpc/internal/transport
google.golang.org/grpc/balancer/roundrobin
github.com/apernet/quic-go/monotime
github.com/apernet/quic-go/congestion
google.golang.org/grpc/internal/resolver/dns
github.com/apernet/quic-go/internal/utils
google.golang.org/protobuf/protoadapt
google.golang.org/grpc/balancer/endpointsharding
google.golang.org/grpc/codes
google.golang.org/grpc/resolver/dns
text/template
github.com/xtls/xray-core/common/protocol/bittorrent
google.golang.org/grpc/credentials/insecure
github.com/xtls/xray-core/common/protocol/http
google.golang.org/grpc/internal/grpcutil
github.com/apernet/quic-go/internal/qerr
google.golang.org/grpc/mem
github.com/apernet/quic-go/quicvarint
github.com/apernet/quic-go/qlogwriter/jsontext
google.golang.org/grpc/internal/backoff
github.com/apernet/quic-go/internal/wire
google.golang.org/grpc/internal/balancer/gracefulswitch
google.golang.org/protobuf/internal/editionssupport
google.golang.org/protobuf/types/gofeaturespb
github.com/xtls/xray-core/common/protocol/tls
github.com/xtls/xray-core/features/routing/session
google.golang.org/grpc/internal/balancerload
github.com/apernet/quic-go/qlogwriter
google.golang.org/protobuf/types/known/durationpb
github.com/apernet/quic-go/internal/protocol
github.com/xtls/xray-core/common/protocol/quic
google.golang.org/grpc/internal/pretty
google.golang.org/grpc/encoding
google.golang.org/protobuf/types/known/timestamppb
github.com/apernet/quic-go/internal/monotime
google.golang.org/grpc/backoff
google.golang.org/grpc/balancer/pickfirst
github.com/xtls/xray-core/transport/internet/udp
google.golang.org/grpc/encoding/proto
google.golang.org/protobuf/types/known/anypb
github.com/xtls/xray-core/app/dispatcher
github.com/apernet/quic-go/internal/flowcontrol
google.golang.org/protobuf/reflect/protodesc
github.com/apernet/quic-go/monotime
google.golang.org/grpc/grpclog/internal
github.com/apernet/quic-go/congestion
google.golang.org/grpc/internal/buffer
google.golang.org/grpc/binarylog/grpc_binarylog_v1
google.golang.org/grpc/internal/grpcsync
github.com/apernet/quic-go/internal/utils
google.golang.org/grpc/grpclog
google.golang.org/genproto/googleapis/rpc/status
github.com/apernet/quic-go/internal/utils/linkedlist
google.golang.org/grpc/internal/idle
github.com/apernet/quic-go/internal/utils/tree
google.golang.org/protobuf/internal/editionssupport
github.com/refraction-networking/utls/internal/boring
google.golang.org/grpc/connectivity
google.golang.org/grpc/internal/metadata
google.golang.org/protobuf/types/gofeaturespb
github.com/apernet/quic-go/internal/qerr
google.golang.org/grpc/internal/status
github.com/refraction-networking/utls/internal/helper
google.golang.org/grpc/attributes
google.golang.org/grpc/internal/serviceconfig
google.golang.org/grpc/internal/proxyattributes
github.com/refraction-networking/utls/internal/hkdf
github.com/apernet/quic-go/internal/wire
github.com/refraction-networking/utls/internal/hpke
google.golang.org/grpc/internal/stats
google.golang.org/grpc/internal/resolver
github.com/xtls/xray-core/core
google.golang.org/grpc/internal/credentials
google.golang.org/grpc/balancer/roundrobin
github.com/apernet/quic-go/qlog
github.com/apernet/quic-go/qlogwriter/jsontext
google.golang.org/grpc/internal/syscall
google.golang.org/grpc/status
google.golang.org/protobuf/reflect/protodesc
google.golang.org/grpc/internal/transport/networktype
google.golang.org/grpc/keepalive
google.golang.org/grpc/peer
google.golang.org/grpc/tap
google.golang.org/grpc/internal/resolver/delegatingresolver
google.golang.org/grpc/internal/resolver/passthrough
github.com/apernet/quic-go/qlogwriter
github.com/refraction-networking/utls/internal/quicvarint/protocol
google.golang.org/grpc/internal/envconfig
google.golang.org/grpc/internal/resolver/unix
google.golang.org/grpc/balancer/grpclb/state
github.com/refraction-networking/utls/internal/quicvarint
google.golang.org/grpc/internal/resolver/dns/internal
google.golang.org/grpc/credentials
google.golang.org/grpc/internal/binarylog
google.golang.org/protobuf/types/descriptorpb
google.golang.org/grpc/internal/transport
google.golang.org/grpc/internal/resolver/dns
github.com/refraction-networking/utls/internal/tls12
html/template
google.golang.org/grpc
github.com/Psiphon-Labs/psiphon-tunnel-core/MobileLibrary/psi
github.com/refraction-networking/utls/internal/tls13
github.com/apernet/quic-go/internal/flowcontrol
google.golang.org/grpc/resolver/dns
google.golang.org/grpc/internal
github.com/refraction-networking/utls
github.com/xtls/xray-core/common/protocol/bittorrent
github.com/xtls/xray-core/common/protocol/http
github.com/apernet/quic-go/internal/utils/linkedlist
github.com/apernet/quic-go/quicvarint
github.com/apernet/quic-go/internal/utils/tree
google.golang.org/grpc/balancer/pickfirst/internal
github.com/xtls/xray-core/common/utils
github.com/refraction-networking/utls/internal/boring
github.com/xtls/xray-core/common/protocol/tls
google.golang.org/grpc/internal/grpclog
google.golang.org/grpc/internal/channelz
github.com/refraction-networking/utls/internal/helper
github.com/xtls/xray-core/features/routing/session
google.golang.org/grpc/internal/resolver/delegatingresolver
github.com/refraction-networking/utls/internal/hkdf
google.golang.org/grpc/metadata
github.com/xtls/xray-core/common/protocol/quic
github.com/refraction-networking/utls/internal/hpke
github.com/apernet/quic-go/internal/protocol
google.golang.org/grpc/stats
github.com/xtls/xray-core/features/extension
google.golang.org/grpc
google.golang.org/grpc/experimental/stats
github.com/xtls/xray-core/transport/internet/tagged
github.com/apernet/quic-go/internal/congestion
github.com/apernet/quic-go/internal/monotime
google.golang.org/grpc/resolver
github.com/apernet/quic-go/internal/handshake
github.com/xtls/xray-core/app/dispatcher
github.com/apernet/quic-go/qlog
github.com/refraction-networking/utls/internal/quicvarint/protocol
google.golang.org/protobuf/internal/encoding/json
github.com/apernet/quic-go/monotime
github.com/refraction-networking/utls/internal/quicvarint
github.com/refraction-networking/utls/internal/tls12
github.com/apernet/quic-go/congestion
github.com/refraction-networking/utls/internal/tls13
github.com/xtls/xray-core/common/utils
github.com/apernet/quic-go/internal/utils
google.golang.org/grpc/internal/balancer/weight
github.com/apernet/quic-go/internal/ackhandler
github.com/refraction-networking/utls
google.golang.org/grpc/channelz
google.golang.org/protobuf/protoadapt
github.com/xtls/xray-core/features/extension
google.golang.org/protobuf/encoding/protojson
google.golang.org/grpc/balancer
github.com/apernet/quic-go/internal/qerr
github.com/xtls/xray-core/transport/internet/tagged
google.golang.org/protobuf/internal/editionssupport
github.com/xtls/xray-core/app/observatory
google.golang.org/grpc/codes
google.golang.org/protobuf/types/gofeaturespb
google.golang.org/grpc/balancer/base
github.com/apernet/quic-go/internal/wire
github.com/apernet/quic-go/qlogwriter/jsontext
github.com/xtls/xray-core/app/observatory
google.golang.org/grpc/credentials/insecure
golang.org/x/net/trace
google.golang.org/grpc/internal/grpcutil
github.com/apernet/quic-go/qlogwriter
google.golang.org/grpc/mem
google.golang.org/protobuf/reflect/protodesc
github.com/apernet/quic-go/internal/flowcontrol
github.com/apernet/quic-go/internal/congestion
google.golang.org/grpc/balancer/endpointsharding
google.golang.org/grpc/encoding
github.com/apernet/quic-go/internal/handshake
github.com/apernet/quic-go/internal/utils/linkedlist
github.com/apernet/quic-go/internal/utils/tree
google.golang.org/grpc/encoding/proto
github.com/xtls/xray-core/common/platform/filesystem
github.com/refraction-networking/utls/internal/boring
github.com/apernet/quic-go/internal/ackhandler
google.golang.org/grpc/internal/backoff
github.com/refraction-networking/utls/internal/helper
github.com/xtls/xray-core/common/strmatcher
google.golang.org/grpc/internal/balancer/gracefulswitch
github.com/refraction-networking/utls/internal/hkdf
google.golang.org/grpc/internal/balancerload
github.com/refraction-networking/utls/internal/hpke
google.golang.org/protobuf/types/known/durationpb
github.com/apernet/quic-go/qlog
github.com/apernet/quic-go
google.golang.org/protobuf/types/known/timestamppb
google.golang.org/grpc/internal/pretty
google.golang.org/protobuf/types/known/anypb
github.com/refraction-networking/utls/internal/quicvarint/protocol
github.com/refraction-networking/utls/internal/quicvarint
google.golang.org/grpc/internal/resolver/delegatingresolver
google.golang.org/grpc/internal/buffer
github.com/refraction-networking/utls/internal/tls12
github.com/refraction-networking/utls/internal/tls13
google.golang.org/grpc/binarylog/grpc_binarylog_v1
google.golang.org/grpc/balancer/pickfirst
google.golang.org/grpc/internal/grpcsync
github.com/xtls/xray-core/common/platform/filesystem
github.com/xtls/xray-core/features/routing/dns
google.golang.org/genproto/googleapis/rpc/status
github.com/refraction-networking/utls
google.golang.org/grpc/internal/idle
github.com/xtls/xray-core/app/router
google.golang.org/grpc
github.com/xtls/xray-core/common/strmatcher
google.golang.org/grpc/internal/status
google.golang.org/grpc/internal/metadata
google.golang.org/grpc/internal/serviceconfig
google.golang.org/grpc/status
github.com/xtls/xray-core/features/routing/dns
google.golang.org/grpc/internal/resolver
github.com/apernet/quic-go/internal/congestion
google.golang.org/grpc/internal/proxyattributes
github.com/xtls/xray-core/app/router
google.golang.org/grpc/internal/stats
google.golang.org/grpc/internal/binarylog
google.golang.org/grpc/internal/syscall
google.golang.org/grpc/internal/transport/networktype
github.com/apernet/quic-go/internal/handshake
github.com/apernet/quic-go
google.golang.org/grpc/keepalive
github.com/apernet/quic-go/internal/ackhandler
google.golang.org/grpc/peer
google.golang.org/grpc/tap
google.golang.org/grpc/balancer/roundrobin
google.golang.org/grpc/internal/resolver/passthrough
google.golang.org/grpc/internal/transport
google.golang.org/grpc/internal/resolver/unix
google.golang.org/grpc/balancer/grpclb/state
google.golang.org/grpc/reflection/grpc_reflection_v1
google.golang.org/grpc/internal/resolver/dns/internal
google.golang.org/protobuf/types/descriptorpb
google.golang.org/grpc/internal/resolver/dns
github.com/xtls/xray-core/common/protocol/bittorrent
github.com/xtls/xray-core/common/protocol/http
github.com/xtls/xray-core/common/utils
google.golang.org/grpc/resolver/dns
github.com/apernet/quic-go/quicvarint
google.golang.org/grpc/reflection/grpc_reflection_v1alpha
github.com/apernet/quic-go
github.com/xtls/xray-core/common/protocol/tls
github.com/xtls/xray-core/features/extension
github.com/xtls/xray-core/transport/internet/tagged
github.com/xtls/xray-core/common/crypto/internal
github.com/xtls/xray-core/features/routing/session
github.com/xtls/xray-core/common/protocol/quic
github.com/xtls/xray-core/app/observatory
github.com/xtls/xray-core/common/crypto
github.com/apernet/quic-go/internal/protocol
github.com/xtls/xray-core/app/dispatcher
google.golang.org/grpc/reflection/grpc_reflection_v1
github.com/apernet/quic-go/internal/monotime
github.com/xtls/xray-core/common/protocol/dns
github.com/xtls/xray-core/common/platform/filesystem
github.com/apernet/quic-go/monotime
google.golang.org/grpc/reflection/internal
github.com/xtls/xray-core/common/signal/pubsub
github.com/xtls/xray-core/common/strmatcher
github.com/apernet/quic-go/congestion
golang.org/x/crypto/ocsp
github.com/apernet/quic-go/internal/utils
google.golang.org/protobuf/internal/editionssupport
google.golang.org/grpc/reflection/grpc_reflection_v1alpha
google.golang.org/grpc/reflection
google.golang.org/protobuf/types/gofeaturespb
github.com/xtls/xray-core/common/ocsp
github.com/xtls/xray-core/features/routing/dns
github.com/apernet/quic-go/internal/qerr
github.com/apernet/quic-go/qlogwriter/jsontext
github.com/xtls/xray-core/app/router
github.com/xtls/xray-core/common/protocol/tls/cert
github.com/xtls/xray-core/common/crypto/internal
github.com/apernet/quic-go/internal/wire
github.com/xtls/xray-core/common/crypto
github.com/xtls/xray-core/app/commander
google.golang.org/protobuf/reflect/protodesc
golang.org/x/sync/singleflight
github.com/apernet/quic-go/qlogwriter
github.com/xtls/xray-core/common/cache
google.golang.org/grpc/reflection/internal
github.com/apernet/quic-go/internal/flowcontrol
google.golang.org/grpc/reflection/grpc_reflection_v1
github.com/xtls/xray-core/common/protocol/dns
google.golang.org/grpc/internal/resolver/delegatingresolver
github.com/xtls/xray-core/app/dns/fakedns
github.com/xtls/xray-core/common/signal/pubsub
github.com/apernet/quic-go/internal/utils/linkedlist
golang.org/x/crypto/ocsp
github.com/xtls/xray-core/app/log
google.golang.org/grpc/reflection
github.com/apernet/quic-go/internal/utils/tree
google.golang.org/grpc
github.com/refraction-networking/utls/internal/boring
github.com/refraction-networking/utls/internal/helper
github.com/refraction-networking/utls/internal/hkdf
expvar
github.com/xtls/xray-core/common/ocsp
github.com/refraction-networking/utls/internal/hpke
github.com/xtls/xray-core/app/commander
google.golang.org/grpc/reflection/grpc_reflection_v1alpha
github.com/apernet/quic-go/qlog
github.com/xtls/xray-core/app/log/command
github.com/xtls/xray-core/common/protocol/tls/cert
github.com/refraction-networking/utls/internal/quicvarint/protocol
golang.org/x/sync/singleflight
github.com/refraction-networking/utls/internal/quicvarint
github.com/refraction-networking/utls/internal/tls12
github.com/refraction-networking/utls/internal/tls13
github.com/xtls/xray-core/common/cache
github.com/xtls/xray-core/common/utils
github.com/refraction-networking/utls
github.com/xtls/xray-core/app/log
github.com/xtls/xray-core/features/extension
github.com/xtls/xray-core/app/stats
internal/profile
google.golang.org/grpc/reflection/internal
github.com/xtls/xray-core/transport/internet/tagged
github.com/xtls/xray-core/app/dns/fakedns
github.com/xtls/xray-core/app/observatory
github.com/xtls/xray-core/common/crypto/internal
github.com/xtls/xray-core/app/log/command
github.com/xtls/xray-core/common/crypto
google.golang.org/grpc/reflection
github.com/xtls/xray-core/app/observatory/burst
github.com/apernet/quic-go/internal/congestion
expvar
github.com/xtls/xray-core/app/commander
github.com/xtls/xray-core/common/protocol/dns
github.com/xtls/xray-core/app/observatory/command
github.com/apernet/quic-go/internal/handshake
github.com/xtls/xray-core/app/stats
github.com/xtls/xray-core/common/signal/pubsub
github.com/apernet/quic-go/internal/ackhandler
github.com/xtls/xray-core/app/policy
golang.org/x/crypto/ocsp
github.com/xtls/xray-core/common/protocol/tls/cert
net/http/pprof
github.com/xtls/xray-core/transport/internet/tls
github.com/xtls/xray-core/app/proxyman
internal/profile
github.com/xtls/xray-core/proxy/vless/encryption
golang.org/x/sync/singleflight
github.com/xtls/xray-core/common/ocsp
github.com/xtls/xray-core/app/observatory/burst
github.com/xtls/xray-core/app/observatory/command
github.com/xtls/xray-core/common/cache
github.com/cloudflare/circl/sign
github.com/xtls/xray-core/app/log
github.com/xtls/xray-core/common/platform/filesystem
github.com/xtls/xray-core/app/metrics
github.com/cloudflare/circl/internal/sha3
github.com/xtls/xray-core/common/strmatcher
github.com/xtls/xray-core/app/dns/fakedns
github.com/cloudflare/circl/simd/keccakf1600
github.com/xtls/xray-core/app/policy
github.com/cloudflare/circl/sign/mldsa/mldsa65/internal
github.com/xtls/xray-core/app/log/command
github.com/xtls/xray-core/app/proxyman
github.com/apernet/quic-go
github.com/juju/ratelimit
github.com/xtls/xray-core/features/routing/dns
github.com/xtls/reality/fips140tls
github.com/xtls/reality/hpke
github.com/xtls/reality/tls12
github.com/xtls/xray-core/app/router
github.com/xtls/reality/tls13
expvar
github.com/xtls/xray-core/app/stats
github.com/cloudflare/circl/sign/mldsa/mldsa65
github.com/xtls/xray-core/proxy/vless/encryption
github.com/xtls/xray-core/common/xudp
github.com/cloudflare/circl/sign
internal/profile
github.com/xtls/xray-core/app/router/command
github.com/cloudflare/circl/internal/sha3
github.com/xtls/reality
net/http/pprof
github.com/xtls/xray-core/app/stats/command
github.com/cloudflare/circl/simd/keccakf1600
github.com/cloudflare/circl/sign/mldsa/mldsa65/internal
github.com/xtls/xray-core/app/observatory/burst
google.golang.org/grpc/reflection/grpc_reflection_v1
github.com/xtls/xray-core/app/dns
github.com/xtls/xray-core/app/metrics
github.com/juju/ratelimit
github.com/cloudflare/circl/sign/mldsa/mldsa65
github.com/xtls/reality/fips140tls
github.com/xtls/xray-core/app/observatory/command
github.com/xtls/reality/hpke
github.com/xtls/xray-core/app/version
github.com/xtls/xray-core/app/policy
google.golang.org/grpc/reflection/grpc_reflection_v1alpha
github.com/xtls/reality/tls12
github.com/xtls/reality/tls13
github.com/xtls/xray-core/common/xudp
github.com/xtls/xray-core/infra/conf/cfgcommon/duration
github.com/xtls/xray-core/app/router/command
github.com/xtls/xray-core/transport/internet/tls
github.com/xtls/xray-core/proxy/blackhole
github.com/xtls/reality
github.com/xtls/xray-core/app/stats/command
github.com/xtls/xray-core/proxy/dns
net/http/pprof
github.com/xtls/xray-core/app/proxyman
github.com/xtls/xray-core/proxy/dokodemo
github.com/xtls/xray-core/proxy/vless/encryption
google.golang.org/grpc/reflection/internal
github.com/cloudflare/circl/sign
github.com/xtls/xray-core/common/retry
github.com/xtls/xray-core/proxy/hysteria/account
github.com/cloudflare/circl/sign/internal/dilithium
github.com/apernet/quic-go/http3/qlog
github.com/xtls/xray-core/app/metrics
github.com/xtls/xray-core/app/version
google.golang.org/grpc/reflection
github.com/xtls/xray-core/proxy/hysteria/ctx
github.com/quic-go/qpack
github.com/xtls/xray-core/transport/internet/hysteria/congestion/common
github.com/xtls/xray-core/infra/conf/cfgcommon/duration
github.com/xtls/xray-core/transport/internet/hysteria/congestion/bbr
github.com/xtls/xray-core/proxy/blackhole
github.com/xtls/xray-core/common/crypto/internal
github.com/cloudflare/circl/internal/sha3
github.com/apernet/quic-go/http3
github.com/xtls/xray-core/proxy/dns
github.com/xtls/xray-core/common/crypto
github.com/cloudflare/circl/simd/keccakf1600
github.com/juju/ratelimit
github.com/xtls/xray-core/app/commander
github.com/xtls/reality/fips140tls
github.com/xtls/xray-core/common/retry
github.com/cloudflare/circl/sign/mldsa/mldsa65/internal
github.com/xtls/reality/hpke
github.com/xtls/reality/tls12
github.com/xtls/xray-core/proxy/hysteria/account
github.com/xtls/xray-core/transport/internet/hysteria/congestion/brutal
github.com/xtls/reality/tls13
github.com/xtls/xray-core/common/protocol/dns
github.com/xtls/xray-core/transport/internet/tls
github.com/xtls/xray-core/common/xudp
github.com/xtls/xray-core/app/router/command
github.com/xtls/xray-core/transport/internet/hysteria/padding
github.com/xtls/xray-core/transport/internet/hysteria/congestion
github.com/xtls/xray-core/common/signal/pubsub
github.com/xtls/xray-core/proxy/hysteria/ctx
github.com/xtls/xray-core/transport/internet/hysteria/udphop
github.com/apernet/quic-go/http3/qlog
github.com/quic-go/qpack
github.com/cloudflare/circl/sign/mldsa/mldsa65
github.com/xtls/xray-core/app/stats/command
golang.org/x/crypto/ocsp
github.com/xtls/xray-core/proxy/loopback
github.com/xtls/xray-core/app/dns
github.com/xtls/xray-core/common/protocol/tls/cert
github.com/xtls/reality
github.com/xtls/xray-core/proxy/dokodemo
github.com/apernet/quic-go/http3
github.com/xtls/xray-core/common/ocsp
github.com/xtls/xray-core/common/drain
golang.org/x/sync/singleflight
github.com/xtls/xray-core/proxy/shadowsocks
github.com/xtls/xray-core/common/cache
github.com/xtls/xray-core/app/log
github.com/xtls/xray-core/app/version
github.com/xtls/xray-core/transport/internet/hysteria/congestion/common
github.com/xtls/xray-core/infra/conf/cfgcommon/duration
github.com/sagernet/sing/common/uot
github.com/xtls/xray-core/proxy/blackhole
github.com/xtls/xray-core/transport/internet/hysteria/congestion/bbr
github.com/xtls/xray-core/app/dns/fakedns
github.com/xtls/xray-core/proxy/dns
github.com/xtls/xray-core/app/log/command
github.com/xtls/xray-core/common/retry
github.com/xtls/xray-core/proxy/hysteria/account
github.com/sagernet/sing/common/logger
gvisor.dev/gvisor/pkg/state/wire
github.com/xtls/xray-core/proxy/hysteria/ctx
gvisor.dev/gvisor/pkg/sync
github.com/apernet/quic-go/http3/qlog
github.com/quic-go/qpack
expvar
gvisor.dev/gvisor/pkg/state
github.com/xtls/xray-core/transport/internet/hysteria/congestion/common
github.com/apernet/quic-go/http3
github.com/xtls/xray-core/app/stats
github.com/xtls/xray-core/transport/internet/hysteria/congestion/brutal
github.com/xtls/xray-core/transport/internet/hysteria
github.com/xtls/xray-core/transport/internet/hysteria/congestion/bbr
github.com/xtls/xray-core/transport/internet/hysteria/congestion
github.com/xtls/xray-core/app/dns
gvisor.dev/gvisor/pkg/linewriter
gvisor.dev/gvisor/pkg/log
github.com/xtls/xray-core/transport/internet/hysteria/padding
github.com/xtls/xray-core/transport/internet/hysteria/udphop
internal/profile
github.com/xtls/xray-core/app/observatory/burst
github.com/xtls/xray-core/proxy/dokodemo
github.com/xtls/xray-core/app/observatory/command
github.com/xtls/xray-core/proxy/loopback
gvisor.dev/gvisor/pkg/tcpip/checksum
gvisor.dev/gvisor/pkg/rand
github.com/xtls/xray-core/common/drain
github.com/xtls/xray-core/transport/internet/hysteria
github.com/xtls/xray-core/proxy/shadowsocks
github.com/sagernet/sing/common/uot
gvisor.dev/gvisor/pkg/sync/locking
github.com/xtls/xray-core/app/policy
github.com/xtls/xray-core/transport/internet/hysteria/congestion/brutal
github.com/xtls/xray-core/app/proxyman
gvisor.dev/gvisor/pkg/tcpip/hash/jenkins
github.com/sagernet/sing/common/logger
github.com/google/btree
github.com/xtls/xray-core/transport/internet/hysteria/congestion
gvisor.dev/gvisor/pkg/state/wire
github.com/xtls/xray-core/proxy/hysteria
github.com/xtls/xray-core/proxy/vless/encryption
gvisor.dev/gvisor/pkg/atomicbitops
github.com/cloudflare/circl/sign
github.com/xtls/xray-core/transport/internet/tls
net/http/pprof
github.com/cloudflare/circl/internal/sha3
gvisor.dev/gvisor/pkg/state
github.com/cloudflare/circl/simd/keccakf1600
gvisor.dev/gvisor/pkg/waiter
container/heap
gvisor.dev/gvisor/pkg/sleep
github.com/cloudflare/circl/sign/mldsa/mldsa65/internal
gvisor.dev/gvisor/pkg/sync
github.com/xtls/xray-core/transport/internet/reality
gvisor.dev/gvisor/pkg/context
github.com/xtls/xray-core/app/metrics
gvisor.dev/gvisor/pkg/rawfile
github.com/xtls/xray-core/proxy/hysteria
github.com/xtls/xray-core/transport/internet/hysteria/padding
gvisor.dev/gvisor/pkg/tcpip/link/stopfd
gvisor.dev/gvisor/pkg/refs
github.com/xtls/xray-core/transport/internet/hysteria/udphop
github.com/juju/ratelimit
github.com/xtls/xray-core/proxy/loopback
github.com/cloudflare/circl/sign/mldsa/mldsa65
github.com/xtls/xray-core/common/drain
github.com/xtls/reality/fips140tls
github.com/xtls/reality/hpke
github.com/xtls/reality/tls12
github.com/xtls/xray-core/proxy/shadowsocks
github.com/xtls/xray-core/transport/internet/hysteria
github.com/xtls/xray-core/proxy/vless
github.com/xtls/reality/tls13
github.com/xtls/xray-core/common/xudp
gvisor.dev/gvisor/pkg/linewriter
github.com/xtls/xray-core/common/antireplay
gvisor.dev/gvisor/pkg/buffer
github.com/xtls/xray-core/proxy/vmess/aead
github.com/sagernet/sing/common/uot
gvisor.dev/gvisor/pkg/log
github.com/xtls/xray-core/app/router/command
github.com/xtls/reality
github.com/xtls/xray-core/app/stats/command
github.com/xtls/xray-core/proxy/vmess
github.com/xtls/xray-core/transport/internet/reality
github.com/xtls/xray-core/proxy
github.com/sagernet/sing/common/logger
gvisor.dev/gvisor/pkg/state/wire
gvisor.dev/gvisor/pkg/tcpip/checksum
github.com/xtls/xray-core/proxy/trojan
github.com/xtls/xray-core/proxy/vmess/encoding
gvisor.dev/gvisor/pkg/tcpip
gvisor.dev/gvisor/pkg/rand
gvisor.dev/gvisor/pkg/atomicbitops
gvisor.dev/gvisor/pkg/state
gvisor.dev/gvisor/pkg/waiter
gvisor.dev/gvisor/pkg/sync
gvisor.dev/gvisor/pkg/sync/locking
gvisor.dev/gvisor/pkg/context
github.com/xtls/xray-core/app/version
github.com/xtls/xray-core/app/proxyman/command
gvisor.dev/gvisor/pkg/tcpip/hash/jenkins
github.com/google/btree
github.com/xtls/xray-core/app/dns
container/heap
gvisor.dev/gvisor/pkg/sleep
github.com/xtls/xray-core/common/mux
gvisor.dev/gvisor/pkg/refs
github.com/xtls/xray-core/infra/conf/cfgcommon/duration
github.com/xtls/xray-core/proxy/blackhole
github.com/xtls/xray-core/proxy/dns
github.com/xtls/xray-core/proxy/hysteria
github.com/xtls/xray-core/proxy
github.com/xtls/xray-core/proxy/trojan
gvisor.dev/gvisor/pkg/linewriter
gvisor.dev/gvisor/pkg/buffer
gvisor.dev/gvisor/pkg/log
gvisor.dev/gvisor/pkg/rawfile
github.com/xtls/xray-core/proxy/dokodemo
gvisor.dev/gvisor/pkg/tcpip/link/stopfd
github.com/xtls/xray-core/common/retry
github.com/xtls/xray-core/proxy/freedom
github.com/xtls/xray-core/proxy/http
github.com/xtls/xray-core/proxy/hysteria/account
github.com/xtls/xray-core/app/reverse
gvisor.dev/gvisor/pkg/tcpip/checksum
github.com/xtls/xray-core/app/proxyman/command
gvisor.dev/gvisor/pkg/rand
github.com/xtls/xray-core/transport/internet/reality
github.com/xtls/xray-core/proxy/hysteria/ctx
github.com/xtls/xray-core/common/mux
github.com/apernet/quic-go/http3/qlog
github.com/xtls/xray-core/proxy/freedom
gvisor.dev/gvisor/pkg/sync/locking
github.com/quic-go/qpack
github.com/xtls/xray-core/transport/internet/hysteria/congestion/common
github.com/xtls/xray-core/common/singbridge
github.com/xtls/xray-core/transport/internet/hysteria/congestion/bbr
gvisor.dev/gvisor/pkg/tcpip/header
gvisor.dev/gvisor/pkg/tcpip/hash/jenkins
github.com/google/btree
github.com/xtls/xray-core/proxy/socks
container/heap
github.com/apernet/quic-go/http3
gvisor.dev/gvisor/pkg/atomicbitops
gvisor.dev/gvisor/pkg/waiter
gvisor.dev/gvisor/pkg/tcpip/internal/tcp
github.com/xtls/xray-core/app/reverse
github.com/xtls/xray-core/proxy/http
gvisor.dev/gvisor/pkg/tcpip/transport
gvisor.dev/gvisor/pkg/sleep
github.com/xtls/xray-core/proxy/vless/encoding
github.com/xtls/xray-core/proxy/shadowsocks_2022
gvisor.dev/gvisor/pkg/context
gvisor.dev/gvisor/pkg/rawfile
github.com/xtls/xray-core/common/singbridge
gvisor.dev/gvisor/pkg/tcpip/link/stopfd
github.com/xtls/xray-core/transport/internet/hysteria/congestion/brutal
github.com/xtls/xray-core/proxy/vless/inbound
github.com/xtls/xray-core/transport/internet/hysteria/congestion
gvisor.dev/gvisor/pkg/tcpip
github.com/xtls/xray-core/proxy
github.com/xtls/xray-core/proxy/trojan
gvisor.dev/gvisor/pkg/refs
github.com/xtls/xray-core/proxy/shadowsocks_2022
github.com/xtls/xray-core/proxy/vless
github.com/xtls/xray-core/proxy/vless
gvisor.dev/gvisor/pkg/buffer
github.com/xtls/xray-core/proxy/socks
github.com/xtls/xray-core/transport/internet/hysteria/padding
github.com/xtls/xray-core/transport/internet/hysteria/udphop
github.com/xtls/xray-core/proxy/loopback
github.com/xtls/xray-core/proxy/vless/encoding
github.com/xtls/xray-core/app/proxyman/outbound
github.com/xtls/xray-core/app/proxyman/command
github.com/xtls/xray-core/common/drain
github.com/xtls/xray-core/common/mux
github.com/xtls/xray-core/proxy/shadowsocks
github.com/xtls/xray-core/proxy/freedom
github.com/sagernet/sing/common/uot
github.com/xtls/xray-core/proxy/vless/inbound
github.com/xtls/xray-core/proxy/vmess/inbound
github.com/xtls/xray-core/proxy/http
github.com/xtls/xray-core/app/proxyman/outbound
github.com/xtls/xray-core/proxy/vless/outbound
github.com/sagernet/sing/common/logger
gvisor.dev/gvisor/pkg/sync
gvisor.dev/gvisor/pkg/state/wire
github.com/xtls/xray-core/proxy/vmess/outbound
github.com/xtls/xray-core/app/reverse
github.com/xtls/xray-core/common/antireplay
github.com/xtls/xray-core/proxy/vmess/aead
golang.zx2c4.com/wireguard/conn
gvisor.dev/gvisor/pkg/tcpip/ports
github.com/xtls/xray-core/common/singbridge
github.com/xtls/xray-core/transport/internet/hysteria
gvisor.dev/gvisor/pkg/state
github.com/xtls/xray-core/proxy/vmess
gvisor.dev/gvisor/pkg/tcpip/transport/tcpconntrack
github.com/xtls/xray-core/proxy/socks
gvisor.dev/gvisor/pkg/tcpip/network/hash
gvisor.dev/gvisor/pkg/tcpip
golang.zx2c4.com/wireguard/rwcancel
gvisor.dev/gvisor/pkg/tcpip/header
github.com/xtls/xray-core/proxy/vless/encoding
gvisor.dev/gvisor/pkg/linewriter
github.com/xtls/xray-core/proxy/shadowsocks_2022
gvisor.dev/gvisor/pkg/tcpip/internal/tcp
gvisor.dev/gvisor/pkg/tcpip/transport
gvisor.dev/gvisor/pkg/log
gvisor.dev/gvisor/pkg/tcpip/stack
golang.org/x/crypto/poly1305
github.com/xtls/xray-core/proxy/vless/outbound
golang.zx2c4.com/wireguard/ratelimiter
github.com/xtls/xray-core/proxy/vmess/encoding
golang.zx2c4.com/wireguard/ipc
golang.zx2c4.com/wireguard/tun
golang.zx2c4.com/wireguard/conn
golang.zx2c4.com/wireguard/tai64n
github.com/xtls/xray-core/transport/internet/finalmask/fragment
github.com/xtls/xray-core/transport/internet/finalmask/header/custom
github.com/xtls/xray-core/proxy/vless/inbound
gvisor.dev/gvisor/pkg/tcpip/checksum
github.com/xtls/xray-core/transport/internet/finalmask/header/dns
gvisor.dev/gvisor/pkg/rand
github.com/xtls/xray-core/proxy/vmess/inbound
github.com/xtls/xray-core/transport/internet/finalmask/header/dtls
github.com/xtls/xray-core/proxy/vmess/outbound
gvisor.dev/gvisor/pkg/sync/locking
github.com/xtls/xray-core/transport/internet/finalmask/header/srtp
golang.zx2c4.com/wireguard/device
golang.zx2c4.com/wireguard/rwcancel
github.com/xtls/xray-core/proxy/hysteria
github.com/xtls/xray-core/transport/internet/finalmask/header/utp
github.com/xtls/xray-core/app/proxyman/outbound
github.com/xtls/xray-core/transport/internet/finalmask/header/wechat
golang.org/x/crypto/poly1305
golang.zx2c4.com/wireguard/tun
gvisor.dev/gvisor/pkg/tcpip/hash/jenkins
golang.zx2c4.com/wireguard/ipc
github.com/xtls/xray-core/transport/internet/reality
gvisor.dev/gvisor/pkg/cpuid
gvisor.dev/gvisor/pkg/waiter
golang.zx2c4.com/wireguard/ratelimiter
github.com/xtls/xray-core/transport/internet/finalmask/header/wireguard
github.com/xtls/xray-core/transport/internet/finalmask/mkcp/aes128gcm
golang.zx2c4.com/wireguard/tai64n
github.com/xtls/xray-core/transport/internet/finalmask/fragment
github.com/xtls/xray-core/transport/internet/finalmask/header/custom
gvisor.dev/gvisor/pkg/atomicbitops
github.com/xtls/xray-core/transport/internet/finalmask/mkcp/original
gvisor.dev/gvisor/pkg/context
github.com/xtls/xray-core/transport/internet/finalmask/noise
github.com/xtls/xray-core/transport/internet/finalmask/header/dns
github.com/xtls/xray-core/transport/internet/finalmask/salamander
github.com/xtls/xray-core/common/antireplay
github.com/xtls/xray-core/proxy/vmess/aead
github.com/xtls/xray-core/transport/internet/finalmask/header/dtls
github.com/google/btree
golang.zx2c4.com/wireguard/conn
github.com/xtls/xray-core/transport/internet/finalmask/sudoku
gvisor.dev/gvisor/pkg/refs
github.com/xtls/xray-core/transport/internet/finalmask/header/srtp
github.com/xtls/xray-core/proxy/vless/outbound
github.com/xtls/xray-core/transport/internet/finalmask/xdns
golang.zx2c4.com/wireguard/device
github.com/xtls/xray-core/proxy/vmess
github.com/xtls/xray-core/transport/internet/finalmask/header/utp
gvisor.dev/gvisor/pkg/tcpip/header
github.com/xtls/xray-core/transport/internet/finalmask/header/wechat
container/heap
gvisor.dev/gvisor/pkg/buffer
github.com/xtls/xray-core/transport/internet/finalmask/header/wireguard
gvisor.dev/gvisor/pkg/sleep
gvisor.dev/gvisor/pkg/tcpip/internal/tcp
gvisor.dev/gvisor/pkg/tcpip/ports
gvisor.dev/gvisor/pkg/tcpip/transport/tcpconntrack
gvisor.dev/gvisor/pkg/rawfile
github.com/xtls/xray-core/proxy
golang.org/x/net/icmp
gvisor.dev/gvisor/pkg/tcpip/transport
gvisor.dev/gvisor/pkg/tcpip/network/hash
github.com/xtls/xray-core/proxy/trojan
github.com/xtls/xray-core/proxy/vmess/encoding
golang.zx2c4.com/wireguard/rwcancel
github.com/xtls/xray-core/transport/internet/grpc/encoding
github.com/xtls/xray-core/transport/internet/finalmask/mkcp/aes128gcm
gvisor.dev/gvisor/pkg/tcpip/link/stopfd
github.com/xtls/xray-core/transport/internet/finalmask/mkcp/original
golang.org/x/crypto/poly1305
github.com/xtls/xray-core/transport/internet/headers/http
golang.zx2c4.com/wireguard/ratelimiter
gvisor.dev/gvisor/pkg/tcpip
gvisor.dev/gvisor/pkg/tcpip/stack
github.com/xtls/xray-core/transport/internet/finalmask/noise
golang.zx2c4.com/wireguard/tai64n
golang.zx2c4.com/wireguard/tun
golang.zx2c4.com/wireguard/ipc
github.com/xtls/xray-core/proxy/vless
github.com/xtls/xray-core/transport/internet/finalmask/salamander
github.com/xtls/xray-core/transport/internet/finalmask/fragment
github.com/xtls/xray-core/transport/internet/finalmask/sudoku
github.com/xtls/xray-core/transport/internet/finalmask/xicmp
github.com/xtls/xray-core/app/proxyman/command
github.com/xtls/xray-core/transport/internet/finalmask/xdns
github.com/xtls/xray-core/proxy/vmess/inbound
github.com/xtls/xray-core/proxy/vmess/outbound
github.com/xtls/xray-core/transport/internet/headers/noop
github.com/xtls/xray-core/common/mux
github.com/xtls/xray-core/transport/internet/grpc
github.com/xtls/xray-core/transport/internet/httpupgrade
github.com/xtls/xray-core/transport/internet/kcp
golang.zx2c4.com/wireguard/device
github.com/xtls/xray-core/transport/internet/finalmask/header/custom
golang.org/x/net/icmp
github.com/xtls/xray-core/transport/internet/finalmask/header/dns
github.com/xtls/xray-core/transport/internet/grpc/encoding
github.com/xtls/xray-core/transport/internet/headers/http
github.com/gorilla/websocket
github.com/xtls/xray-core/transport/internet/finalmask/header/dtls
github.com/xtls/xray-core/proxy/freedom
github.com/xtls/xray-core/proxy/http
github.com/xtls/xray-core/app/reverse
github.com/xtls/xray-core/transport/internet/finalmask/header/srtp
github.com/xtls/xray-core/transport/internet/finalmask/header/utp
github.com/xtls/xray-core/transport/internet/finalmask/xicmp
github.com/xtls/xray-core/transport/internet/tcp
github.com/xtls/xray-core/transport/internet/finalmask/header/wechat
github.com/xtls/xray-core/transport/internet/finalmask/header/wireguard
gvisor.dev/gvisor/pkg/tcpip/ports
github.com/xtls/xray-core/transport/internet/headers/noop
gvisor.dev/gvisor/pkg/tcpip/transport/tcpconntrack
github.com/xtls/xray-core/transport/internet/grpc
github.com/xtls/xray-core/common/singbridge
github.com/xtls/xray-core/transport/internet/httpupgrade
gvisor.dev/gvisor/pkg/tcpip/network/hash
github.com/xtls/xray-core/infra/conf/json
github.com/xtls/xray-core/transport/internet/kcp
github.com/xtls/xray-core/app/proxyman/inbound
github.com/xtls/xray-core/transport/internet/finalmask/mkcp/aes128gcm
gvisor.dev/gvisor/pkg/tcpip/stack
gvisor.dev/gvisor/pkg/tcpip/header
github.com/xtls/xray-core/main/commands/base
github.com/xtls/xray-core/proxy/socks
github.com/xtls/xray-core/transport/internet/finalmask/mkcp/original
github.com/xtls/xray-core/transport/internet/browser_dialer
github.com/xtls/xray-core/main/commands/all/tls
github.com/xtls/xray-core/transport/internet/finalmask/noise
gvisor.dev/gvisor/pkg/tcpip/internal/tcp
github.com/xtls/xray-core/transport/internet/finalmask/salamander
github.com/xtls/xray-core/proxy/shadowsocks_2022
github.com/xtls/xray-core/transport/internet/websocket
github.com/gorilla/websocket
gvisor.dev/gvisor/pkg/tcpip/transport
github.com/xtls/xray-core/transport/internet/tcp
github.com/xtls/xray-core/main/confloader/external
github.com/xtls/xray-core/proxy/vless/encoding
github.com/xtls/xray-core/infra/conf/json
github.com/xtls/xray-core/transport/internet/finalmask/sudoku
github.com/xtls/xray-core/transport/internet/finalmask/xdns
golang.org/x/net/icmp
github.com/xtls/xray-core/transport/internet/tagged/taggedimpl
gvisor.dev/gvisor/pkg/tcpip/header/parse
github.com/xtls/xray-core/main/commands/base
gvisor.dev/gvisor/pkg/tcpip/transport/internal/network
gvisor.dev/gvisor/pkg/tcpip/transport/internal/noop
github.com/xtls/xray-core/transport/internet/finalmask/xicmp
gvisor.dev/gvisor/pkg/tcpip/stack/gro
gvisor.dev/gvisor/pkg/tcpip/transport/packet
github.com/xtls/xray-core/proxy/vless/inbound
github.com/xtls/xray-core/main/commands/all/tls
github.com/xtls/xray-core/app/proxyman/inbound
gvisor.dev/gvisor/pkg/tcpip/network/internal/fragmentation
github.com/xtls/xray-core/app/proxyman/outbound
github.com/xtls/xray-core/transport/internet/grpc/encoding
github.com/xtls/xray-core/transport/internet/headers/http
gvisor.dev/gvisor/pkg/tcpip/network/internal/ip
github.com/xtls/xray-core/transport/internet/headers/noop
github.com/xtls/xray-core/transport/internet/browser_dialer
gvisor.dev/gvisor/pkg/tcpip/link/fdbased
github.com/xtls/xray-core/main/confloader/external
github.com/xtls/xray-core/transport/internet/tagged/taggedimpl
github.com/xtls/xray-core/transport/internet/httpupgrade
gvisor.dev/gvisor/pkg/tcpip/transport/raw
gvisor.dev/gvisor/pkg/tcpip/network/internal/multicast
github.com/xtls/xray-core/transport/internet/websocket
os/signal
github.com/xtls/xray-core/common/antireplay
gvisor.dev/gvisor/pkg/tcpip/link/channel
github.com/xtls/xray-core/proxy/vmess/aead
golang.zx2c4.com/wireguard/conn
github.com/xtls/xray-core/transport/internet/kcp
gvisor.dev/gvisor/pkg/tcpip/ports
github.com/xtls/xray-core/transport/internet/grpc
gvisor.dev/gvisor/pkg/tcpip/transport/tcpconntrack
github.com/gorilla/websocket
gvisor.dev/gvisor/pkg/tcpip/network/hash
gvisor.dev/gvisor/pkg/tcpip/network/ipv4
gvisor.dev/gvisor/pkg/tcpip/network/ipv6
gvisor.dev/gvisor/pkg/tcpip/transport/tcp
github.com/xtls/xray-core/proxy/vless/outbound
github.com/xtls/xray-core/transport/internet/splithttp
gvisor.dev/gvisor/pkg/tcpip/stack
github.com/xtls/xray-core/proxy/vmess
golang.zx2c4.com/wireguard/rwcancel
gvisor.dev/gvisor/pkg/tcpip/transport/udp
golang.zx2c4.com/wireguard/tun
github.com/xtls/xray-core/transport/internet/tcp
github.com/xtls/xray-core/proxy/vmess/encoding
golang.org/x/crypto/poly1305
gvisor.dev/gvisor/pkg/tcpip/header/parse
gvisor.dev/gvisor/pkg/tcpip/transport/internal/network
gvisor.dev/gvisor/pkg/tcpip/transport/internal/noop
golang.zx2c4.com/wireguard/ipc
github.com/xtls/xray-core/infra/conf/json
github.com/xtls/xray-core/transport/internet/browser_dialer
github.com/xtls/xray-core/main/commands/base
github.com/xtls/xray-core/app/proxyman/inbound
github.com/xtls/xray-core/proxy/vmess/inbound
github.com/xtls/xray-core/proxy/vmess/outbound
gvisor.dev/gvisor/pkg/tcpip/transport/packet
golang.zx2c4.com/wireguard/ratelimiter
github.com/xtls/xray-core/transport/internet/websocket
github.com/xtls/xray-core/main/commands/all/tls
golang.zx2c4.com/wireguard/tai64n
gvisor.dev/gvisor/pkg/tcpip/stack/gro
gvisor.dev/gvisor/pkg/tcpip/transport/icmp
golang.zx2c4.com/wireguard/device
gvisor.dev/gvisor/pkg/tcpip/network/internal/fragmentation
github.com/xtls/xray-core/transport/internet/finalmask/header/custom
github.com/xtls/xray-core/transport/internet/finalmask/fragment
github.com/xtls/xray-core/main/confloader/external
github.com/xtls/xray-core/transport/internet/tagged/taggedimpl
github.com/xtls/xray-core/transport/internet/splithttp
os/signal
os/signal
gvisor.dev/gvisor/pkg/tcpip/transport/raw
github.com/xtls/xray-core/transport/internet/splithttp
github.com/xtls/xray-core/transport/internet/finalmask/header/dns
gvisor.dev/gvisor/pkg/tcpip/link/fdbased
github.com/xtls/xray-core/transport/internet/finalmask/header/dtls
gvisor.dev/gvisor/pkg/tcpip/network/internal/ip
github.com/xtls/xray-core/transport/internet/finalmask/header/srtp
github.com/xtls/xray-core/transport/internet/finalmask/header/utp
github.com/xtls/xray-core/transport/internet/finalmask/header/wechat
gvisor.dev/gvisor/pkg/tcpip/network/internal/multicast
gvisor.dev/gvisor/pkg/tcpip/transport/tcp
github.com/xtls/xray-core/transport/internet/finalmask/header/wireguard
github.com/xtls/xray-core/transport/internet/finalmask/mkcp/aes128gcm
gvisor.dev/gvisor/pkg/tcpip/transport/udp
gvisor.dev/gvisor/pkg/tcpip/network/ipv4
github.com/xtls/xray-core/transport/internet/finalmask/mkcp/original
gvisor.dev/gvisor/pkg/tcpip/network/ipv6
github.com/xtls/xray-core/transport/internet/finalmask/noise
github.com/xtls/xray-core/transport/internet/finalmask/salamander
github.com/xtls/xray-core/transport/internet/finalmask/sudoku
github.com/xtls/xray-core/transport/internet/finalmask/xdns
golang.org/x/net/icmp
gvisor.dev/gvisor/pkg/tcpip/header/parse
gvisor.dev/gvisor/pkg/tcpip/transport/internal/network
gvisor.dev/gvisor/pkg/tcpip/transport/internal/noop
github.com/xtls/xray-core/transport/internet/grpc/encoding
gvisor.dev/gvisor/pkg/tcpip/transport/packet
gvisor.dev/gvisor/pkg/tcpip/link/channel
gvisor.dev/gvisor/pkg/tcpip/stack/gro
github.com/xtls/xray-core/transport/internet/finalmask/xicmp
gvisor.dev/gvisor/pkg/tcpip/transport/icmp
gvisor.dev/gvisor/pkg/tcpip/network/internal/fragmentation
gvisor.dev/gvisor/pkg/tcpip/transport/raw
github.com/xtls/xray-core/transport/internet/headers/http
gvisor.dev/gvisor/pkg/tcpip/link/fdbased
github.com/xtls/xray-core/transport/internet/grpc
github.com/xtls/xray-core/transport/internet/headers/noop
gvisor.dev/gvisor/pkg/tcpip/network/internal/ip
github.com/xtls/xray-core/transport/internet/httpupgrade
gvisor.dev/gvisor/pkg/tcpip/header/parse
gvisor.dev/gvisor/pkg/tcpip/transport/internal/network
gvisor.dev/gvisor/pkg/tcpip/network/internal/multicast
gvisor.dev/gvisor/pkg/tcpip/transport/tcp
gvisor.dev/gvisor/pkg/tcpip/transport/udp
gvisor.dev/gvisor/pkg/tcpip/adapters/gonet
gvisor.dev/gvisor/pkg/tcpip/transport/internal/noop
gvisor.dev/gvisor/pkg/tcpip/transport/packet
gvisor.dev/gvisor/pkg/tcpip/link/channel
gvisor.dev/gvisor/pkg/tcpip/network/ipv4
gvisor.dev/gvisor/pkg/tcpip/stack/gro
gvisor.dev/gvisor/pkg/tcpip/network/internal/fragmentation
gvisor.dev/gvisor/pkg/tcpip/network/internal/ip
github.com/xtls/xray-core/proxy/tun
github.com/xtls/xray-core/proxy/wireguard/gvisortun
gvisor.dev/gvisor/pkg/tcpip/network/ipv6
gvisor.dev/gvisor/pkg/tcpip/transport/icmp
gvisor.dev/gvisor/pkg/tcpip/transport/raw
gvisor.dev/gvisor/pkg/tcpip/network/internal/multicast
gvisor.dev/gvisor/pkg/tcpip/link/fdbased
github.com/xtls/xray-core/proxy/wireguard
gvisor.dev/gvisor/pkg/tcpip/link/channel
gvisor.dev/gvisor/pkg/tcpip/network/ipv4
gvisor.dev/gvisor/pkg/tcpip/network/ipv6
gvisor.dev/gvisor/pkg/tcpip/transport/tcp
github.com/xtls/xray-core/infra/conf
gvisor.dev/gvisor/pkg/tcpip/transport/udp
gvisor.dev/gvisor/pkg/tcpip/transport/icmp
github.com/xtls/xray-core/transport/internet/kcp
gvisor.dev/gvisor/pkg/tcpip/adapters/gonet
github.com/gorilla/websocket
github.com/xtls/xray-core/transport/internet/tcp
github.com/xtls/xray-core/proxy/wireguard/gvisortun
github.com/xtls/xray-core/proxy/tun
github.com/xtls/xray-core/proxy/wireguard
github.com/xtls/xray-core/infra/conf/json
github.com/xtls/xray-core/app/proxyman/inbound
github.com/xtls/xray-core/main/commands/base
gvisor.dev/gvisor/pkg/tcpip/adapters/gonet
github.com/xtls/xray-core/transport/internet/browser_dialer
github.com/xtls/xray-core/main/commands/all/tls
github.com/xtls/xray-core/common/reflect
github.com/xtls/xray-core/transport/internet/websocket
github.com/xtls/xray-core/infra/conf/serial
github.com/xtls/xray-core/main/commands/all/convert
github.com/xtls/xray-core/main/commands/all/api
github.com/xtls/xray-core/main/json
github.com/xtls/xray-core/main/toml
github.com/xtls/xray-core/main/yaml
github.com/xtls/xray-core/proxy/tun
github.com/xtls/xray-core/proxy/wireguard/gvisortun
github.com/xtls/xray-core/main/confloader/external
github.com/xtls/xray-core/transport/internet/tagged/taggedimpl
os/signal
gvisor.dev/gvisor/pkg/tcpip/adapters/gonet
github.com/xtls/xray-core/transport/internet/splithttp
github.com/xtls/xray-core/infra/conf
github.com/xtls/xray-core/proxy/wireguard
github.com/xtls/xray-core/main/commands/all
github.com/xtls/xray-core/proxy/tun
github.com/xtls/xray-core/proxy/wireguard/gvisortun
github.com/xtls/xray-core/main/distro/all
net.gozar/gozarcore
github.com/xtls/xray-core/proxy/wireguard
github.com/xtls/xray-core/infra/conf
github.com/xtls/xray-core/common/reflect
github.com/xtls/xray-core/infra/conf
github.com/xtls/xray-core/main/commands/all/convert
github.com/xtls/xray-core/infra/conf/serial
github.com/xtls/xray-core/main/json
github.com/xtls/xray-core/main/toml
github.com/xtls/xray-core/main/commands/all/api
github.com/xtls/xray-core/main/yaml
gobind/gobind
github.com/xtls/xray-core/main/commands/all
github.com/xtls/xray-core/common/reflect
github.com/xtls/xray-core/main/distro/all
net.gozar/gozarcore
github.com/xtls/xray-core/main/commands/all/convert
github.com/xtls/xray-core/infra/conf/serial
github.com/xtls/xray-core/main/json
github.com/xtls/xray-core/main/toml
github.com/xtls/xray-core/main/yaml
github.com/xtls/xray-core/main/commands/all/api
github.com/xtls/xray-core/common/reflect
github.com/xtls/xray-core/main/commands/all
github.com/xtls/xray-core/infra/conf/serial
github.com/xtls/xray-core/main/commands/all/convert
github.com/xtls/xray-core/main/distro/all
net.gozar/gozarcore
github.com/xtls/xray-core/main/json
github.com/xtls/xray-core/main/toml
github.com/xtls/xray-core/main/yaml
github.com/xtls/xray-core/main/commands/all/api
gobind/gobind
github.com/xtls/xray-core/main/commands/all
github.com/xtls/xray-core/main/distro/all
net.gozar/gozarcore
gobind/gobind
gobind/gobind
aar: AndroidManifest.xml
aar: proguard.txt
aar: classes.jar
jar: META-INF/MANIFEST.MF
jar: go/Seq$GoObject.class
jar: go/Seq$GoRef.class
jar: go/Seq$GoRefQueue$1.class
jar: go/Seq$GoRefQueue.class
jar: go/Seq$Proxy.class
jar: go/Seq$Ref.class
jar: go/Seq$RefMap.class
jar: go/Seq$RefTracker.class
jar: go/Seq.class
jar: go/Universe$proxyerror.class
jar: go/Universe.class
jar: go/error.class
jar: gozarcore/Gozarcore$proxyLogger.class
jar: gozarcore/Gozarcore$proxyPsiphonProvider.class
jar: gozarcore/Gozarcore$proxyPsiphonProviderFeedbackHandler.class
jar: gozarcore/Gozarcore$proxyPsiphonProviderNetwork.class
jar: gozarcore/Gozarcore$proxyPsiphonProviderNoticeHandler.class
jar: gozarcore/Gozarcore.class
jar: gozarcore/Logger.class
jar: gozarcore/PsiphonProvider.class
jar: gozarcore/PsiphonProviderFeedbackHandler.class
jar: gozarcore/PsiphonProviderNetwork.class
jar: gozarcore/PsiphonProviderNoticeHandler.class
aar: jni/armeabi-v7a/libgojni.so
aar: jni/arm64-v8a/libgojni.so
aar: jni/x86/libgojni.so
aar: jni/x86_64/libgojni.so
aar: R.txt
aar: res/
jar: META-INF/MANIFEST.MF
jar: go/Seq.java
jar: go/Universe.java
jar: go/error.java
jar: gozarcore/Gozarcore.java
jar: gozarcore/Logger.java
jar: gozarcore/PsiphonProvider.java
jar: gozarcore/PsiphonProviderFeedbackHandler.java
jar: gozarcore/PsiphonProviderNetwork.java
jar: gozarcore/PsiphonProviderNoticeHandler.java
[psiphon] wrote /home/runner/work/Ghajarvpn-/Ghajarvpn-/app/libs/ca.psiphon.aar
[psiphon] every libgojni.so is 16 KB aligned
    15656  1980-00-00 00:00   classes.jar
